time,06_pr_mm_month_aligned
1850-01-01,34.3952
1850-02-01,38.31739
1850-03-01,51.303795
1850-04-01,38.207905
1850-05-01,103.69112
1850-06-01,159.40814
1850-07-01,52.098038
1850-08-01,39.16091
1850-09-01,21.276674
1850-10-01,19.11259
1850-11-01,26.914497
1850-12-01,83.46325
1851-01-01,44.34893
1851-02-01,36.14423
1851-03-01,22.965881
1851-04-01,93.91278
1851-05-01,82.28698
1851-06-01,62.225822
1851-07-01,128.53302
1851-08-01,64.95193
1851-09-01,78.48961
1851-10-01,70.44411
1851-11-01,13.826122
1851-12-01,49.222744
1852-01-01,135.76813
1852-02-01,40.855656
1852-03-01,51.624077
1852-04-01,34.714226
1852-05-01,20.932327
1852-06-01,32.42884
1852-07-01,36.393093
1852-08-01,30.96888
1852-09-01,44.61644
1852-10-01,87.01995
1852-11-01,47.502827
1852-12-01,94.33653
1853-01-01,73.50482
1853-02-01,17.481283
1853-03-01,25.540462
1853-04-01,34.350594
1853-05-01,64.21323
1853-06-01,24.213985
1853-07-01,62.604008
1853-08-01,87.93116
1853-09-01,64.05925
1853-10-01,28.309093
1853-11-01,35.99927
1853-12-01,43.263443
1854-01-01,35.530666
1854-02-01,37.385857
1854-03-01,34.073895
1854-04-01,52.75718
1854-05-01,122.10861
1854-06-01,24.047682
1854-07-01,18.430904
1854-08-01,46.823853
1854-09-01,36.192863
1854-10-01,81.77619
1854-11-01,21.19233
1854-12-01,25.939365
1855-01-01,85.284515
1855-02-01,42.559906
1855-03-01,23.823013
1855-04-01,52.36844
1855-05-01,65.22111
1855-06-01,42.51408
1855-07-01,95.91214
1855-08-01,48.34781
1855-09-01,41.87351
1855-10-01,27.241976
1855-11-01,56.925636
1855-12-01,41.147797
1856-01-01,67.74798
1856-02-01,16.6271
1856-03-01,45.09825
1856-04-01,42.537956
1856-05-01,62.57642
1856-06-01,61.40094
1856-07-01,34.43665
1856-08-01,20.804058
1856-09-01,82.8985
1856-10-01,13.079147
1856-11-01,45.063244
1856-12-01,63.42293
1857-01-01,71.1617
1857-02-01,44.124855
1857-03-01,31.567535
1857-04-01,47.602074
1857-05-01,92.25015
1857-06-01,89.76382
1857-07-01,129.62039
1857-08-01,73.19362
1857-09-01,30.706825
1857-10-01,27.229116
1857-11-01,77.26721
1857-12-01,54.678467
1858-01-01,42.18238
1858-02-01,52.40812
1858-03-01,50.521873
1858-04-01,18.684694
1858-05-01,40.728226
1858-06-01,71.94392
1858-07-01,61.656586
1858-08-01,61.798313
1858-09-01,35.19954
1858-10-01,23.122175
1858-11-01,56.148094
1858-12-01,50.23739
1859-01-01,70.84645
1859-02-01,29.972658
1859-03-01,52.76655
1859-04-01,73.43539
1859-05-01,34.755257
1859-06-01,126.233154
1859-07-01,24.482328
1859-08-01,93.05437
1859-09-01,49.58747
1859-10-01,53.245567
1859-11-01,24.704948
1859-12-01,59.662178
1860-01-01,42.57841
1860-02-01,69.709694
1860-03-01,50.55331
1860-04-01,28.312983
1860-05-01,116.51159
1860-06-01,56.60854
1860-07-01,83.91835
1860-08-01,46.51348
1860-09-01,48.380802
1860-10-01,41.87113
1860-11-01,73.940834
1860-12-01,78.91757
1861-01-01,123.406006
1861-02-01,18.99664
1861-03-01,51.290783
1861-04-01,39.0288
1861-05-01,18.329832
1861-06-01,33.99158
1861-07-01,50.25533
1861-08-01,122.78911
1861-09-01,72.93219
1861-10-01,23.514193
1861-11-01,40.935333
1861-12-01,43.293198
1862-01-01,44.68857
1862-02-01,38.339306
1862-03-01,38.909046
1862-04-01,55.77189
1862-05-01,104.0434
1862-06-01,67.99431
1862-07-01,143.04645
1862-08-01,40.057167
1862-09-01,48.966156
1862-10-01,43.15413
1862-11-01,47.43799
1862-12-01,105.14256
1863-01-01,87.4213
1863-02-01,31.082863
1863-03-01,29.376204
1863-04-01,74.78331
1863-05-01,20.620382
1863-06-01,67.51195
1863-07-01,113.80916
1863-08-01,18.865868
1863-09-01,49.329716
1863-10-01,102.599
1863-11-01,34.452454
1863-12-01,69.31058
1864-01-01,15.362111
1864-02-01,66.79733
1864-03-01,31.497643
1864-04-01,67.02927
1864-05-01,75.36243
1864-06-01,111.979
1864-07-01,64.776505
1864-08-01,63.949802
1864-09-01,46.244576
1864-10-01,28.576515
1864-11-01,53.571503
1864-12-01,37.226463
1865-01-01,73.94736
1865-02-01,38.79905
1865-03-01,19.216032
1865-04-01,57.902515
1865-05-01,34.244705
1865-06-01,41.715233
1865-07-01,99.88214
1865-08-01,44.43474
1865-09-01,101.28887
1865-10-01,72.75376
1865-11-01,45.709297
1865-12-01,85.72037
1866-01-01,54.278828
1866-02-01,55.163807
1866-03-01,61.210052
1866-04-01,70.137726
1866-05-01,79.52007
1866-06-01,110.59338
1866-07-01,60.150726
1866-08-01,112.17815
1866-09-01,78.55056
1866-10-01,116.3302
1866-11-01,73.610306
1866-12-01,52.21612
1867-01-01,70.822105
1867-02-01,45.743507
1867-03-01,30.228977
1867-04-01,36.574085
1867-05-01,60.525978
1867-06-01,58.136032
1867-07-01,37.55353
1867-08-01,12.264962
1867-09-01,65.10458
1867-10-01,22.62145
1867-11-01,57.35683
1867-12-01,41.927826
1868-01-01,20.936022
1868-02-01,45.026127
1868-03-01,66.09683
1868-04-01,40.400925
1868-05-01,114.800125
1868-06-01,98.00814
1868-07-01,41.678806
1868-08-01,64.428764
1868-09-01,49.957397
1868-10-01,35.45788
1868-11-01,36.37558
1868-12-01,63.065643
1869-01-01,20.781307
1869-02-01,55.04278
1869-03-01,40.54849
1869-04-01,42.17443
1869-05-01,56.612343
1869-06-01,67.05349
1869-07-01,120.19889
1869-08-01,49.176647
1869-09-01,26.938095
1869-10-01,69.1862
1869-11-01,43.809258
1869-12-01,23.828451
1870-01-01,49.404335
1870-02-01,26.526836
1870-03-01,29.010387
1870-04-01,37.128418
1870-05-01,108.518974
1870-06-01,51.362434
1870-07-01,50.69025
1870-08-01,46.39291
1870-09-01,55.374485
1870-10-01,43.788727
1870-11-01,54.968994
1870-12-01,38.940037
1871-01-01,55.44376
1871-02-01,47.385845
1871-03-01,8.181341
1871-04-01,56.81072
1871-05-01,61.95565
1871-06-01,82.094864
1871-07-01,112.50333
1871-08-01,49.974384
1871-09-01,91.3918
1871-10-01,105.44299
1871-11-01,39.01374
1871-12-01,34.411797
1872-01-01,40.61004
1872-02-01,26.75428
1872-03-01,17.09998
1872-04-01,32.29221
1872-05-01,68.28664
1872-06-01,70.95412
1872-07-01,38.992798
1872-08-01,96.41307
1872-09-01,55.390285
1872-10-01,17.445143
1872-11-01,43.634434
1872-12-01,34.16572
1873-01-01,81.571266
1873-02-01,52.875423
1873-03-01,28.942692
1873-04-01,42.562126
1873-05-01,43.93958
1873-06-01,23.35785
1873-07-01,48.5521
1873-08-01,26.909288
1873-09-01,21.348663
1873-10-01,27.107195
1873-11-01,68.78427
1873-12-01,64.28599
1874-01-01,63.053905
1874-02-01,11.894095
1874-03-01,41.217968
1874-04-01,40.359848
1874-05-01,45.616165
1874-06-01,58.821945
1874-07-01,28.086422
1874-08-01,27.572533
1874-09-01,39.808487
1874-10-01,72.59852
1874-11-01,41.50833
1874-12-01,77.47003
1875-01-01,110.3931
1875-02-01,69.35282
1875-03-01,50.904026
1875-04-01,28.091934
1875-05-01,83.52428
1875-06-01,26.92035
1875-07-01,155.45837
1875-08-01,57.22896
1875-09-01,60.591526
1875-10-01,81.58681
1875-11-01,57.16408
1875-12-01,28.312904
1876-01-01,38.704193
1876-02-01,44.625946
1876-03-01,71.6784
1876-04-01,51.631645
1876-05-01,54.299767
1876-06-01,21.74556
1876-07-01,52.907932
1876-08-01,48.158558
1876-09-01,43.072323
1876-10-01,72.118866
1876-11-01,24.061329
1876-12-01,6.469242
1877-01-01,64.87635
1877-02-01,23.377998
1877-03-01,18.705776
1877-04-01,50.88446
1877-05-01,73.49589
1877-06-01,41.814987
1877-07-01,62.579987
1877-08-01,107.33718
1877-09-01,45.471867
1877-10-01,52.385513
1877-11-01,64.344765
1877-12-01,49.859917
1878-01-01,50.817978
1878-02-01,59.19381
1878-03-01,17.754904
1878-04-01,24.24282
1878-05-01,26.782614
1878-06-01,115.43797
1878-07-01,74.65818
1878-08-01,87.030594
1878-09-01,63.809277
1878-10-01,77.31304
1878-11-01,18.16391
1878-12-01,59.79472
1879-01-01,31.280954
1879-02-01,24.101664
1879-03-01,73.088615
1879-04-01,38.7434
1879-05-01,78.87764
1879-06-01,46.79637
1879-07-01,112.83431
1879-08-01,80.73533
1879-09-01,30.225895
1879-10-01,46.130947
1879-11-01,45.051918
1879-12-01,63.6131
1880-01-01,149.62985
1880-02-01,26.527838
1880-03-01,41.489655
1880-04-01,42.52243
1880-05-01,132.65771
1880-06-01,91.216324
1880-07-01,56.889984
1880-08-01,95.42269
1880-09-01,65.91259
1880-10-01,59.323357
1880-11-01,49.45635
1880-12-01,66.03254
1881-01-01,60.414925
1881-02-01,14.191925
1881-03-01,90.33012
1881-04-01,48.722908
1881-05-01,35.988327
1881-06-01,146.25555
1881-07-01,43.47431
1881-08-01,68.354034
1881-09-01,40.180347
1881-10-01,28.150711
1881-11-01,26.700603
1881-12-01,73.2025
1882-01-01,27.328873
1882-02-01,34.50296
1882-03-01,48.76349
1882-04-01,14.458078
1882-05-01,172.33115
1882-06-01,70.22323
1882-07-01,84.949814
1882-08-01,106.73296
1882-09-01,15.867762
1882-10-01,69.78998
1882-11-01,66.16904
1882-12-01,53.42965
1883-01-01,19.323277
1883-02-01,54.16899
1883-03-01,78.95049
1883-04-01,39.07014
1883-05-01,132.52994
1883-06-01,68.346016
1883-07-01,196.01958
1883-08-01,43.495476
1883-09-01,30.636524
1883-10-01,48.877525
1883-11-01,37.851105
1883-12-01,38.75287
1884-01-01,20.511734
1884-02-01,87.60809
1884-03-01,27.411798
1884-04-01,39.420616
1884-05-01,43.686462
1884-06-01,107.011345
1884-07-01,42.74363
1884-08-01,93.55921
1884-09-01,72.53421
1884-10-01,48.813835
1884-11-01,50.303707
1884-12-01,25.910763
1885-01-01,78.338806
1885-02-01,79.19697
1885-03-01,27.962751
1885-04-01,42.75553
1885-05-01,77.6069
1885-06-01,149.75436
1885-07-01,68.50484
1885-08-01,74.70125
1885-09-01,116.715
1885-10-01,29.174154
1885-11-01,59.96812
1885-12-01,22.417385
1886-01-01,27.282837
1886-02-01,23.677341
1886-03-01,21.938683
1886-04-01,32.63787
1886-05-01,34.47637
1886-06-01,60.244724
1886-07-01,51.486168
1886-08-01,55.032272
1886-09-01,106.572105
1886-10-01,28.38197
1886-11-01,56.271732
1886-12-01,31.304012
1887-01-01,65.2778
1887-02-01,5.937148
1887-03-01,84.48473
1887-04-01,27.229736
1887-05-01,41.514214
1887-06-01,52.857265
1887-07-01,42.00665
1887-08-01,41.82365
1887-09-01,64.76967
1887-10-01,48.05887
1887-11-01,26.08093
1887-12-01,38.82922
1888-01-01,3.769732
1888-02-01,75.88611
1888-03-01,12.530958
1888-04-01,43.974495
1888-05-01,46.871407
1888-06-01,67.0869
1888-07-01,59.08818
1888-08-01,61.452583
1888-09-01,92.546295
1888-10-01,28.688776
1888-11-01,20.751177
1888-12-01,57.85151
1889-01-01,20.42557
1889-02-01,50.44738
1889-03-01,20.573221
1889-04-01,44.94976
1889-05-01,54.970776
1889-06-01,62.0822
1889-07-01,80.27878
1889-08-01,38.88498
1889-09-01,42.26987
1889-10-01,84.155464
1889-11-01,34.32279
1889-12-01,47.59928
1890-01-01,97.65936
1890-02-01,15.36264
1890-03-01,25.87289
1890-04-01,39.46579
1890-05-01,38.917805
1890-06-01,143.40958
1890-07-01,212.50325
1890-08-01,84.065506
1890-09-01,40.972996
1890-10-01,54.411415
1890-11-01,23.032455
1890-12-01,28.871798
1891-01-01,78.15084
1891-02-01,21.071917
1891-03-01,35.086384
1891-04-01,37.97406
1891-05-01,46.93509
1891-06-01,35.464424
1891-07-01,36.969624
1891-08-01,48.168884
1891-09-01,98.76341
1891-10-01,30.340456
1891-11-01,16.196224
1891-12-01,60.687416
1892-01-01,43.88641
1892-02-01,18.33479
1892-03-01,20.5924
1892-04-01,22.337029
1892-05-01,24.901817
1892-06-01,48.67788
1892-07-01,53.973145
1892-08-01,84.72076
1892-09-01,46.908333
1892-10-01,22.6464
1892-11-01,57.276554
1892-12-01,67.17051
1893-01-01,51.44832
1893-02-01,16.229094
1893-03-01,36.883606
1893-04-01,90.66306
1893-05-01,65.00521
1893-06-01,91.75453
1893-07-01,26.457012
1893-08-01,34.97647
1893-09-01,46.94053
1893-10-01,25.496296
1893-11-01,18.935276
1893-12-01,38.325497
1894-01-01,97.93451
1894-02-01,41.92921
1894-03-01,16.923208
1894-04-01,31.05159
1894-05-01,73.91811
1894-06-01,95.51125
1894-07-01,26.387707
1894-08-01,35.530327
1894-09-01,19.467325
1894-10-01,97.79228
1894-11-01,37.145683
1894-12-01,64.23122
1895-01-01,29.437386
1895-02-01,58.569572
1895-03-01,55.113262
1895-04-01,74.794785
1895-05-01,91.29042
1895-06-01,34.939827
1895-07-01,89.26553
1895-08-01,68.99791
1895-09-01,79.19836
1895-10-01,43.31148
1895-11-01,94.238365
1895-12-01,72.39639
1896-01-01,71.7103
1896-02-01,52.675064
1896-03-01,38.72027
1896-04-01,76.15182
1896-05-01,18.305267
1896-06-01,68.07712
1896-07-01,122.86732
1896-08-01,75.915276
1896-09-01,49.957462
1896-10-01,42.072063
1896-11-01,65.206985
1896-12-01,25.948307
1897-01-01,28.223671
1897-02-01,44.047768
1897-03-01,37.256317
1897-04-01,76.92829
1897-05-01,42.934284
1897-06-01,27.75
1897-07-01,5.4909716
1897-08-01,27.884823
1897-09-01,77.522705
1897-10-01,46.01605
1897-11-01,28.122131
1897-12-01,66.96787
1898-01-01,25.61751
1898-02-01,27.48317
1898-03-01,34.859573
1898-04-01,57.793076
1898-05-01,71.78116
1898-06-01,89.84713
1898-07-01,71.117325
1898-08-01,95.62276
1898-09-01,61.477604
1898-10-01,17.845118
1898-11-01,15.236721
1898-12-01,75.549194
1899-01-01,48.760715
1899-02-01,95.90088
1899-03-01,83.578064
1899-04-01,67.867905
1899-05-01,52.425903
1899-06-01,57.83907
1899-07-01,100.86008
1899-08-01,53.593697
1899-09-01,57.197132
1899-10-01,21.981049
1899-11-01,49.755802
1899-12-01,66.71356
1900-01-01,51.754906
1900-02-01,28.057358
1900-03-01,29.455448
1900-04-01,52.552933
1900-05-01,42.842216
1900-06-01,103.48822
1900-07-01,93.70889
1900-08-01,35.34594
1900-09-01,46.07199
1900-10-01,88.09958
1900-11-01,32.769695
1900-12-01,49.713272
1901-01-01,54.762825
1901-02-01,84.751114
1901-03-01,77.719025
1901-04-01,28.567638
1901-05-01,89.569176
1901-06-01,47.067085
1901-07-01,62.42637
1901-08-01,48.85482
1901-09-01,75.21573
1901-10-01,67.54256
1901-11-01,71.45628
1901-12-01,36.526485
1902-01-01,42.399178
1902-02-01,34.87954
1902-03-01,33.777058
1902-04-01,17.335806
1902-05-01,10.459097
1902-06-01,48.749607
1902-07-01,43.880157
1902-08-01,72.549484
1902-09-01,39.36145
1902-10-01,52.66617
1902-11-01,33.045944
1902-12-01,45.25982
1903-01-01,21.852156
1903-02-01,34.038906
1903-03-01,21.3956
1903-04-01,64.121956
1903-05-01,64.35568
1903-06-01,47.82337
1903-07-01,51.43501
1903-08-01,71.99233
1903-09-01,19.563246
1903-10-01,30.652945
1903-11-01,58.61139
1903-12-01,22.47239
1904-01-01,114.4563
1904-02-01,38.608925
1904-03-01,37.869698
1904-04-01,11.783622
1904-05-01,105.05653
1904-06-01,123.378365
1904-07-01,50.642174
1904-08-01,34.759132
1904-09-01,48.70758
1904-10-01,57.08403
1904-11-01,64.32099
1904-12-01,40.652542
1905-01-01,57.05317
1905-02-01,14.916691
1905-03-01,51.117912
1905-04-01,64.337585
1905-05-01,47.855995
1905-06-01,150.2257
1905-07-01,69.73958
1905-08-01,20.686954
1905-09-01,46.868084
1905-10-01,35.083252
1905-11-01,42.792686
1905-12-01,45.951546
1906-01-01,72.950836
1906-02-01,22.24033
1906-03-01,53.0942
1906-04-01,64.659225
1906-05-01,64.43043
1906-06-01,82.50372
1906-07-01,32.586876
1906-08-01,32.144035
1906-09-01,15.685898
1906-10-01,55.18215
1906-11-01,65.16444
1906-12-01,64.19774
1907-01-01,60.868404
1907-02-01,87.64661
1907-03-01,33.573837
1907-04-01,73.42791
1907-05-01,29.658676
1907-06-01,122.54399
1907-07-01,137.53973
1907-08-01,40.38521
1907-09-01,11.013071
1907-10-01,33.59796
1907-11-01,67.528915
1907-12-01,44.989567
1908-01-01,97.75862
1908-02-01,33.986572
1908-03-01,17.364035
1908-04-01,40.18135
1908-05-01,62.550606
1908-06-01,90.297775
1908-07-01,76.346436
1908-08-01,75.482025
1908-09-01,32.807125
1908-10-01,71.4834
1908-11-01,39.925728
1908-12-01,68.91696
1909-01-01,53.257576
1909-02-01,49.386826
1909-03-01,22.86593
1909-04-01,45.79854
1909-05-01,42.274727
1909-06-01,23.227037
1909-07-01,76.20755
1909-08-01,60.38987
1909-09-01,68.71287
1909-10-01,69.722275
1909-11-01,20.451303
1909-12-01,39.267197
1910-01-01,54.404488
1910-02-01,37.74578
1910-03-01,42.8394
1910-04-01,73.05977
1910-05-01,62.42663
1910-06-01,35.407234
1910-07-01,28.55436
1910-08-01,44.97273
1910-09-01,107.2274
1910-10-01,71.62932
1910-11-01,59.013737
1910-12-01,24.340473
1911-01-01,56.859447
1911-02-01,71.21106
1911-03-01,50.99211
1911-04-01,44.55825
1911-05-01,87.49212
1911-06-01,96.485306
1911-07-01,70.693886
1911-08-01,42.963177
1911-09-01,54.03183
1911-10-01,61.812164
1911-11-01,18.78966
1911-12-01,23.028887
1912-01-01,121.459366
1912-02-01,30.684353
1912-03-01,41.369617
1912-04-01,49.085865
1912-05-01,41.697548
1912-06-01,31.069082
1912-07-01,70.59446
1912-08-01,32.281403
1912-09-01,64.38037
1912-10-01,41.68183
1912-11-01,96.16383
1912-12-01,47.254654
1913-01-01,42.347637
1913-02-01,23.155365
1913-03-01,27.185549
1913-04-01,11.550226
1913-05-01,70.59958
1913-06-01,67.299515
1913-07-01,44.567684
1913-08-01,47.84581
1913-09-01,114.72603
1913-10-01,63.86338
1913-11-01,38.167397
1913-12-01,81.43885
1914-01-01,117.986984
1914-02-01,25.810772
1914-03-01,27.165104
1914-04-01,23.93428
1914-05-01,68.21496
1914-06-01,46.221176
1914-07-01,67.19917
1914-08-01,36.44744
1914-09-01,175.82579
1914-10-01,19.32604
1914-11-01,47.344822
1914-12-01,20.643358
1915-01-01,24.37352
1915-02-01,52.7958
1915-03-01,65.41074
1915-04-01,86.15103
1915-05-01,100.3878
1915-06-01,72.4131
1915-07-01,102.90958
1915-08-01,90.17372
1915-09-01,48.285946
1915-10-01,47.712326
1915-11-01,51.772804
1915-12-01,20.230106
1916-01-01,114.54265
1916-02-01,55.308823
1916-03-01,105.84677
1916-04-01,26.100332
1916-05-01,76.20085
1916-06-01,109.340935
1916-07-01,130.03664
1916-08-01,92.10773
1916-09-01,31.126043
1916-10-01,35.247498
1916-11-01,88.87249
1916-12-01,41.735718
1917-01-01,80.33191
1917-02-01,21.439793
1917-03-01,49.75435
1917-04-01,22.859211
1917-05-01,47.535934
1917-06-01,80.81966
1917-07-01,73.456215
1917-08-01,29.692104
1917-09-01,53.909325
1917-10-01,47.886528
1917-11-01,63.05403
1917-12-01,39.192223
1918-01-01,52.281013
1918-02-01,42.979355
1918-03-01,55.797783
1918-04-01,39.92614
1918-05-01,91.711266
1918-06-01,139.41304
1918-07-01,43.250324
1918-08-01,54.485325
1918-09-01,38.15487
1918-10-01,56.245895
1918-11-01,52.650604
1918-12-01,54.604183
1919-01-01,43.84285
1919-02-01,26.460238
1919-03-01,32.744797
1919-04-01,30.474428
1919-05-01,50.87401
1919-06-01,57.93281
1919-07-01,47.91932
1919-08-01,40.82194
1919-09-01,44.48409
1919-10-01,65.69181
1919-11-01,44.06665
1919-12-01,33.68249
1920-01-01,45.21064
1920-02-01,23.067472
1920-03-01,55.78183
1920-04-01,36.567276
1920-05-01,121.163574
1920-06-01,33.55719
1920-07-01,34.95118
1920-08-01,54.798756
1920-09-01,40.45809
1920-10-01,25.917488
1920-11-01,27.025423
1920-12-01,51.95537
1921-01-01,44.98448
1921-02-01,27.251198
1921-03-01,72.9236
1921-04-01,74.5237
1921-05-01,61.13477
1921-06-01,131.01207
1921-07-01,32.789253
1921-08-01,59.613693
1921-09-01,36.906998
1921-10-01,52.584476
1921-11-01,36.39255
1921-12-01,65.201324
1922-01-01,88.73058
1922-02-01,38.32186
1922-03-01,21.364754
1922-04-01,16.518787
1922-05-01,108.97778
1922-06-01,60.06701
1922-07-01,40.547844
1922-08-01,55.369995
1922-09-01,26.883183
1922-10-01,38.945774
1922-11-01,33.863457
1922-12-01,49.60994
1923-01-01,35.247887
1923-02-01,12.894359
1923-03-01,21.474438
1923-04-01,70.82869
1923-05-01,125.42743
1923-06-01,37.00139
1923-07-01,140.656
1923-08-01,69.21852
1923-09-01,70.37459
1923-10-01,66.322945
1923-11-01,40.110146
1923-12-01,46.00791
1924-01-01,28.595774
1924-02-01,21.310623
1924-03-01,34.868664
1924-04-01,19.526615
1924-05-01,52.306957
1924-06-01,136.1395
1924-07-01,58.285027
1924-08-01,54.741333
1924-09-01,92.11998
1924-10-01,48.75048
1924-11-01,40.815468
1924-12-01,62.86561
1925-01-01,52.505302
1925-02-01,43.51666
1925-03-01,46.83925
1925-04-01,67.002144
1925-05-01,22.927038
1925-06-01,46.8782
1925-07-01,19.834839
1925-08-01,48.347527
1925-09-01,24.040361
1925-10-01,16.651943
1925-11-01,15.84552
1925-12-01,57.378418
1926-01-01,21.976067
1926-02-01,66.12886
1926-03-01,21.226713
1926-04-01,40.043022
1926-05-01,21.491377
1926-06-01,95.966446
1926-07-01,81.06328
1926-08-01,48.991814
1926-09-01,31.238668
1926-10-01,27.023811
1926-11-01,54.994415
1926-12-01,60.116707
1927-01-01,29.414082
1927-02-01,61.835182
1927-03-01,42.875153
1927-04-01,44.32592
1927-05-01,70.09554
1927-06-01,98.673386
1927-07-01,72.92762
1927-08-01,22.363537
1927-09-01,30.134583
1927-10-01,66.553696
1927-11-01,37.192028
1927-12-01,89.60777
1928-01-01,29.906006
1928-02-01,69.41981
1928-03-01,34.3789
1928-04-01,37.245728
1928-05-01,20.470385
1928-06-01,76.67257
1928-07-01,14.540368
1928-08-01,70.84352
1928-09-01,61.005985
1928-10-01,29.706673
1928-11-01,31.404621
1928-12-01,33.31151
1929-01-01,68.77777
1929-02-01,51.23111
1929-03-01,35.322166
1929-04-01,51.96793
1929-05-01,110.89878
1929-06-01,81.83704
1929-07-01,33.344055
1929-08-01,52.525208
1929-09-01,55.015804
1929-10-01,39.127834
1929-11-01,30.088743
1929-12-01,38.720642
1930-01-01,60.211617
1930-02-01,58.22911
1930-03-01,80.3034
1930-04-01,60.95482
1930-05-01,58.3177
1930-06-01,86.751175
1930-07-01,98.33058
1930-08-01,62.740448
1930-09-01,43.964153
1930-10-01,9.848343
1930-11-01,50.298454
1930-12-01,28.05383
1931-01-01,13.270306
1931-02-01,58.641113
1931-03-01,31.507977
1931-04-01,48.050842
1931-05-01,46.59932
1931-06-01,17.723978
1931-07-01,36.348297
1931-08-01,47.30841
1931-09-01,62.803146
1931-10-01,27.45171
1931-11-01,56.682762
1931-12-01,19.70243
1932-01-01,28.703068
1932-02-01,5.738119
1932-03-01,23.358799
1932-04-01,31.350868
1932-05-01,60.913116
1932-06-01,113.69566
1932-07-01,22.086618
1932-08-01,103.66872
1932-09-01,45.67833
1932-10-01,24.615788
1932-11-01,62.226006
1932-12-01,36.589302
1933-01-01,68.12499
1933-02-01,32.541893
1933-03-01,41.41571
1933-04-01,28.70498
1933-05-01,129.55301
1933-06-01,65.88115
1933-07-01,62.529938
1933-08-01,122.388885
1933-09-01,35.87226
1933-10-01,5.0030694
1933-11-01,69.458115
1933-12-01,37.115
1934-01-01,64.23692
1934-02-01,61.229755
1934-03-01,101.46791
1934-04-01,49.428993
1934-05-01,61.240036
1934-06-01,45.003582
1934-07-01,77.68454
1934-08-01,52.48114
1934-09-01,51.643875
1934-10-01,12.212364
1934-11-01,36.230644
1934-12-01,32.517982
1935-01-01,38.91596
1935-02-01,80.39976
1935-03-01,35.81083
1935-04-01,47.96655
1935-05-01,39.78074
1935-06-01,102.66407
1935-07-01,44.324562
1935-08-01,48.79138
1935-09-01,65.1747
1935-10-01,74.243675
1935-11-01,39.65518
1935-12-01,19.904339
1936-01-01,98.3513
1936-02-01,47.82743
1936-03-01,23.717405
1936-04-01,79.1933
1936-05-01,74.21723
1936-06-01,92.193054
1936-07-01,68.43828
1936-08-01,27.324633
1936-09-01,34.23544
1936-10-01,29.741142
1936-11-01,64.01594
1936-12-01,42.276608
1937-01-01,61.628662
1937-02-01,2.0815363
1937-03-01,29.030996
1937-04-01,43.773525
1937-05-01,94.36783
1937-06-01,92.910576
1937-07-01,20.742413
1937-08-01,43.209667
1937-09-01,31.981083
1937-10-01,39.299507
1937-11-01,21.485176
1937-12-01,58.439693
1938-01-01,40.349632
1938-02-01,23.52333
1938-03-01,58.935417
1938-04-01,45.801743
1938-05-01,72.63908
1938-06-01,82.78954
1938-07-01,57.64484
1938-08-01,21.777418
1938-09-01,47.53596
1938-10-01,100.64628
1938-11-01,35.348396
1938-12-01,69.95656
1939-01-01,14.309713
1939-02-01,19.200026
1939-03-01,12.873354
1939-04-01,63.47332
1939-05-01,4.9943647
1939-06-01,97.06168
1939-07-01,57.311043
1939-08-01,10.748318
1939-09-01,68.51892
1939-10-01,31.463503
1939-11-01,69.690125
1939-12-01,89.90736
1940-01-01,98.694725
1940-02-01,15.857092
1940-03-01,48.15564
1940-04-01,49.780502
1940-05-01,140.56683
1940-06-01,44.358063
1940-07-01,69.44125
1940-08-01,59.915752
1940-09-01,54.916847
1940-10-01,19.62046
1940-11-01,77.77549
1940-12-01,26.020464
1941-01-01,72.19731
1941-02-01,47.927704
1941-03-01,43.75328
1941-04-01,41.205276
1941-05-01,15.812425
1941-06-01,51.055206
1941-07-01,77.79338
1941-08-01,41.462826
1941-09-01,61.530273
1941-10-01,36.219257
1941-11-01,38.0227
1941-12-01,59.31206
1942-01-01,60.61304
1942-02-01,56.336643
1942-03-01,25.520872
1942-04-01,17.402163
1942-05-01,33.871056
1942-06-01,87.309395
1942-07-01,51.94494
1942-08-01,82.21387
1942-09-01,38.18781
1942-10-01,26.044449
1942-11-01,50.99621
1942-12-01,34.39442
1943-01-01,33.430496
1943-02-01,18.740582
1943-03-01,70.128395
1943-04-01,26.035051
1943-05-01,63.356113
1943-06-01,92.23605
1943-07-01,83.04434
1943-08-01,102.46887
1943-09-01,54.3385
1943-10-01,60.50836
1943-11-01,27.60274
1943-12-01,60.275036
1944-01-01,40.885254
1944-02-01,51.807068
1944-03-01,24.456291
1944-04-01,14.045277
1944-05-01,61.026794
1944-06-01,26.204071
1944-07-01,37.353867
1944-08-01,44.89926
1944-09-01,15.821835
1944-10-01,30.360914
1944-11-01,26.40353
1944-12-01,61.227135
1945-01-01,141.84119
1945-02-01,82.16916
1945-03-01,46.71991
1945-04-01,54.313145
1945-05-01,69.3297
1945-06-01,143.89655
1945-07-01,66.09521
1945-08-01,82.65128
1945-09-01,44.550255
1945-10-01,42.43366
1945-11-01,14.79881
1945-12-01,74.495865
1946-01-01,20.522423
1946-02-01,71.24266
1946-03-01,75.02055
1946-04-01,35.54174
1946-05-01,52.021645
1946-06-01,100.24207
1946-07-01,12.315662
1946-08-01,80.127335
1946-09-01,75.53313
1946-10-01,17.13725
1946-11-01,59.503246
1946-12-01,57.249096
1947-01-01,28.712614
1947-02-01,54.16642
1947-03-01,33.330517
1947-04-01,39.894608
1947-05-01,29.068909
1947-06-01,114.003105
1947-07-01,41.127087
1947-08-01,63.451397
1947-09-01,27.062855
1947-10-01,25.133488
1947-11-01,62.802185
1947-12-01,25.13211
1948-01-01,59.173363
1948-02-01,39.661865
1948-03-01,45.172806
1948-04-01,7.160861
1948-05-01,37.526314
1948-06-01,59.780506
1948-07-01,84.23098
1948-08-01,124.4355
1948-09-01,98.81731
1948-10-01,15.597692
1948-11-01,62.75781
1948-12-01,50.357323
1949-01-01,73.09813
1949-02-01,66.8544
1949-03-01,22.82813
1949-04-01,23.068802
1949-05-01,28.72087
1949-06-01,83.29509
1949-07-01,92.796135
1949-08-01,48.32492
1949-09-01,56.953934
1949-10-01,9.364115
1949-11-01,34.904667
1949-12-01,52.918743
1950-01-01,65.050064
1950-02-01,52.346127
1950-03-01,30.816235
1950-04-01,32.36378
1950-05-01,90.20865
1950-06-01,82.766754
1950-07-01,100.642075
1950-08-01,38.97936
1950-09-01,73.53362
1950-10-01,77.984024
1950-11-01,65.81651
1950-12-01,33.71074
1951-01-01,51.786
1951-02-01,17.378223
1951-03-01,49.67118
1951-04-01,16.803734
1951-05-01,87.09308
1951-06-01,101.411026
1951-07-01,90.24167
1951-08-01,35.727177
1951-09-01,73.12965
1951-10-01,57.4833
1951-11-01,39.85845
1951-12-01,76.36195
1952-01-01,35.34571
1952-02-01,21.77398
1952-03-01,31.137903
1952-04-01,39.954353
1952-05-01,65.74925
1952-06-01,32.040165
1952-07-01,2.976983
1952-08-01,101.15262
1952-09-01,44.27756
1952-10-01,22.495949
1952-11-01,13.316156
1952-12-01,30.377037
1953-01-01,37.40389
1953-02-01,20.342825
1953-03-01,37.48964
1953-04-01,45.853027
1953-05-01,27.913502
1953-06-01,52.0964
1953-07-01,61.433056
1953-08-01,86.02557
1953-09-01,71.993324
1953-10-01,8.854637
1953-11-01,35.499817
1953-12-01,92.088036
1954-01-01,63.444695
1954-02-01,48.223877
1954-03-01,58.136124
1954-04-01,69.84919
1954-05-01,98.98616
1954-06-01,52.16429
1954-07-01,71.11059
1954-08-01,73.77734
1954-09-01,37.011345
1954-10-01,64.65651
1954-11-01,71.71135
1954-12-01,89.70739
1955-01-01,41.79043
1955-02-01,78.42506
1955-03-01,39.467987
1955-04-01,48.42936
1955-05-01,84.95836
1955-06-01,88.988174
1955-07-01,40.535034
1955-08-01,65.79259
1955-09-01,42.43711
1955-10-01,36.26754
1955-11-01,23.133526
1955-12-01,71.11612
1956-01-01,36.64736
1956-02-01,15.7327385
1956-03-01,40.58906
1956-04-01,74.87474
1956-05-01,33.019554
1956-06-01,39.48272
1956-07-01,45.816193
1956-08-01,45.946423
1956-09-01,44.778927
1956-10-01,40.040585
1956-11-01,14.444605
1956-12-01,52.364258
1957-01-01,73.831215
1957-02-01,27.040041
1957-03-01,41.375946
1957-04-01,35.20835
1957-05-01,71.24663
1957-06-01,136.53183
1957-07-01,47.610985
1957-08-01,80.36441
1957-09-01,46.195568
1957-10-01,21.42128
1957-11-01,18.931465
1957-12-01,38.823044
1958-01-01,58.181255
1958-02-01,16.580235
1958-03-01,41.30403
1958-04-01,81.283905
1958-05-01,71.89345
1958-06-01,37.26082
1958-07-01,95.67581
1958-08-01,109.86119
1958-09-01,29.919186
1958-10-01,45.38927
1958-11-01,72.44296
1958-12-01,79.237656
1959-01-01,47.125103
1959-02-01,34.502487
1959-03-01,50.643936
1959-04-01,33.32888
1959-05-01,58.472725
1959-06-01,93.56634
1959-07-01,55.067978
1959-08-01,61.23051
1959-09-01,39.708214
1959-10-01,42.673485
1959-11-01,29.950087
1959-12-01,64.011284
1960-01-01,60.692795
1960-02-01,63.456646
1960-03-01,15.211994
1960-04-01,32.816803
1960-05-01,59.07619
1960-06-01,90.07438
1960-07-01,15.223225
1960-08-01,27.796938
1960-09-01,55.246914
1960-10-01,44.803253
1960-11-01,31.205627
1960-12-01,32.986244
1961-01-01,27.348927
1961-02-01,33.354942
1961-03-01,13.376265
1961-04-01,72.158646
1961-05-01,98.493164
1961-06-01,29.68824
1961-07-01,59.678658
1961-08-01,41.895485
1961-09-01,28.656782
1961-10-01,62.7632
1961-11-01,27.337553
1961-12-01,25.999922
1962-01-01,50.063232
1962-02-01,17.23631
1962-03-01,39.42731
1962-04-01,22.314959
1962-05-01,66.00528
1962-06-01,43.51375
1962-07-01,24.471504
1962-08-01,98.123184
1962-09-01,116.12721
1962-10-01,18.71978
1962-11-01,63.949505
1962-12-01,40.480293
1963-01-01,50.567432
1963-02-01,11.940206
1963-03-01,25.79444
1963-04-01,46.635323
1963-05-01,77.00987
1963-06-01,60.30008
1963-07-01,106.1624
1963-08-01,39.167828
1963-09-01,74.578125
1963-10-01,48.295506
1963-11-01,53.50221
1963-12-01,65.62084
1964-01-01,26.835377
1964-02-01,23.642044
1964-03-01,92.33147
1964-04-01,43.43486
1964-05-01,74.821175
1964-06-01,98.3654
1964-07-01,67.4827
1964-08-01,51.93366
1964-09-01,42.950546
1964-10-01,30.820066
1964-11-01,68.89888
1964-12-01,38.527782
1965-01-01,23.871796
1965-02-01,32.619022
1965-03-01,33.28903
1965-04-01,17.210712
1965-05-01,55.68061
1965-06-01,74.38298
1965-07-01,69.013916
1965-08-01,27.496794
1965-09-01,39.576458
1965-10-01,7.4626064
1965-11-01,72.92344
1965-12-01,38.537064
1966-01-01,22.729637
1966-02-01,13.5795355
1966-03-01,61.84903
1966-04-01,37.02289
1966-05-01,97.56082
1966-06-01,40.395947
1966-07-01,27.319574
1966-08-01,38.870247
1966-09-01,35.402607
1966-10-01,39.980408
1966-11-01,45.136505
1966-12-01,10.990216
1967-01-01,34.276615
1967-02-01,50.772194
1967-03-01,48.822037
1967-04-01,50.15238
1967-05-01,51.01232
1967-06-01,55.947914
1967-07-01,23.53657
1967-08-01,45.087387
1967-09-01,52.710636
1967-10-01,47.546616
1967-11-01,43.10205
1967-12-01,34.817535
1968-01-01,40.88413
1968-02-01,48.768925
1968-03-01,25.96326
1968-04-01,28.176064
1968-05-01,69.69705
1968-06-01,46.674965
1968-07-01,96.84634
1968-08-01,22.343283
1968-09-01,6.962344
1968-10-01,58.825066
1968-11-01,31.802706
1968-12-01,14.352583
1969-01-01,79.312744
1969-02-01,53.131393
1969-03-01,17.205118
1969-04-01,32.719925
1969-05-01,95.15793
1969-06-01,114.067215
1969-07-01,28.2362
1969-08-01,36.97544
1969-09-01,25.080074
1969-10-01,15.717408
1969-11-01,98.85296
1969-12-01,54.31645
1970-01-01,31.827314
1970-02-01,18.292683
1970-03-01,36.367
1970-04-01,35.505642
1970-05-01,85.54831
1970-06-01,82.60086
1970-07-01,45.174717
1970-08-01,99.7253
1970-09-01,54.0758
1970-10-01,77.082565
1970-11-01,56.22436
1970-12-01,39.19469
1971-01-01,17.003075
1971-02-01,20.920969
1971-03-01,42.478207
1971-04-01,46.94028
1971-05-01,44.945896
1971-06-01,60.36695
1971-07-01,92.65658
1971-08-01,72.35588
1971-09-01,50.24214
1971-10-01,39.7694
1971-11-01,45.245438
1971-12-01,54.799026
1972-01-01,139.29297
1972-02-01,7.689805
1972-03-01,51.83822
1972-04-01,42.264652
1972-05-01,87.354706
1972-06-01,56.19797
1972-07-01,97.641235
1972-08-01,10.10966
1972-09-01,41.3229
1972-10-01,60.91568
1972-11-01,26.428717
1972-12-01,41.54764
1973-01-01,63.239075
1973-02-01,42.471764
1973-03-01,11.230988
1973-04-01,26.26492
1973-05-01,49.79799
1973-06-01,75.86189
1973-07-01,91.78372
1973-08-01,39.061604
1973-09-01,57.835125
1973-10-01,105.10814
1973-11-01,23.514156
1973-12-01,61.051888
1974-01-01,22.652283
1974-02-01,55.50018
1974-03-01,12.630558
1974-04-01,33.723537
1974-05-01,29.081753
1974-06-01,55.8468
1974-07-01,44.340687
1974-08-01,36.16216
1974-09-01,58.852966
1974-10-01,34.569332
1974-11-01,12.6807375
1974-12-01,65.63936
1975-01-01,46.47723
1975-02-01,57.39152
1975-03-01,65.1699
1975-04-01,26.992683
1975-05-01,106.02446
1975-06-01,90.55661
1975-07-01,68.269196
1975-08-01,46.490814
1975-09-01,41.567654
1975-10-01,79.2298
1975-11-01,28.573784
1975-12-01,5.851521
1976-01-01,29.195515
1976-02-01,45.305305
1976-03-01,18.897692
1976-04-01,22.8667
1976-05-01,84.59079
1976-06-01,79.38083
1976-07-01,8.54663
1976-08-01,26.208948
1976-09-01,61.31479
1976-10-01,51.625626
1976-11-01,56.350784
1976-12-01,57.77119
1977-01-01,47.33057
1977-02-01,61.453278
1977-03-01,86.61589
1977-04-01,74.78465
1977-05-01,43.522217
1977-06-01,84.7779
1977-07-01,76.45497
1977-08-01,38.88794
1977-09-01,56.154232
1977-10-01,21.459219
1977-11-01,67.69488
1977-12-01,43.660217
1978-01-01,87.829155
1978-02-01,57.334965
1978-03-01,43.60495
1978-04-01,45.35179
1978-05-01,88.35089
1978-06-01,32.198875
1978-07-01,66.99154
1978-08-01,6.7245765
1978-09-01,34.393288
1978-10-01,57.39174
1978-11-01,43.96756
1978-12-01,64.60628
1979-01-01,49.382042
1979-02-01,30.831844
1979-03-01,19.73144
1979-04-01,21.040642
1979-05-01,16.87359
1979-06-01,50.868843
1979-07-01,48.02999
1979-08-01,39.09552
1979-09-01,53.7829
1979-10-01,37.264114
1979-11-01,12.258722
1979-12-01,42.50309
1980-01-01,40.85676
1980-02-01,73.97863
1980-03-01,13.296593
1980-04-01,41.60676
1980-05-01,66.15018
1980-06-01,32.895973
1980-07-01,104.00668
1980-08-01,71.54083
1980-09-01,41.615307
1980-10-01,27.385828
1980-11-01,59.829487
1980-12-01,61.10905
1981-01-01,72.3988
1981-02-01,47.676064
1981-03-01,51.430557
1981-04-01,20.464005
1981-05-01,48.421417
1981-06-01,52.134094
1981-07-01,32.656334
1981-08-01,58.77073
1981-09-01,26.110794
1981-10-01,84.44787
1981-11-01,24.915821
1981-12-01,97.06564
1982-01-01,43.338837
1982-02-01,49.405785
1982-03-01,24.404432
1982-04-01,33.220963
1982-05-01,47.539806
1982-06-01,51.97187
1982-07-01,78.52303
1982-08-01,66.673164
1982-09-01,88.83301
1982-10-01,27.311459
1982-11-01,55.100773
1982-12-01,10.388353
1983-01-01,21.556454
1983-02-01,109.09007
1983-03-01,53.979973
1983-04-01,42.13482
1983-05-01,47.499073
1983-06-01,62.06137
1983-07-01,48.251842
1983-08-01,84.46857
1983-09-01,52.9908
1983-10-01,55.83166
1983-11-01,32.88263
1983-12-01,42.575127
1984-01-01,88.24959
1984-02-01,36.20867
1984-03-01,76.11989
1984-04-01,49.76828
1984-05-01,45.62217
1984-06-01,87.218185
1984-07-01,113.91118
1984-08-01,63.879364
1984-09-01,31.321587
1984-10-01,9.464485
1984-11-01,27.628098
1984-12-01,49.851566
1985-01-01,37.433434
1985-02-01,32.878136
1985-03-01,51.4383
1985-04-01,19.512136
1985-05-01,59.55983
1985-06-01,65.21008
1985-07-01,32.11425
1985-08-01,36.161015
1985-09-01,37.2182
1985-10-01,25.646544
1985-11-01,97.076065
1985-12-01,47.362473
1986-01-01,111.45572
1986-02-01,56.59216
1986-03-01,42.618973
1986-04-01,64.22868
1986-05-01,60.840595
1986-06-01,88.327324
1986-07-01,38.623497
1986-08-01,100.45517
1986-09-01,80.79921
1986-10-01,19.804657
1986-11-01,30.703823
1986-12-01,41.854958
1987-01-01,53.530785
1987-02-01,64.86559
1987-03-01,93.422806
1987-04-01,26.298418
1987-05-01,61.870247
1987-06-01,56.833263
1987-07-01,99.80733
1987-08-01,62.615532
1987-09-01,38.716377
1987-10-01,47.955967
1987-11-01,53.710953
1987-12-01,46.3177
1988-01-01,58.793762
1988-02-01,48.4062
1988-03-01,45.292778
1988-04-01,55.402195
1988-05-01,39.43631
1988-06-01,54.94382
1988-07-01,40.2063
1988-08-01,44.79129
1988-09-01,42.19172
1988-10-01,128.3811
1988-11-01,7.886348
1988-12-01,19.198303
1989-01-01,11.762762
1989-02-01,15.673977
1989-03-01,20.820034
1989-04-01,35.15608
1989-05-01,12.013914
1989-06-01,71.492004
1989-07-01,112.736496
1989-08-01,79.08848
1989-09-01,27.907883
1989-10-01,29.472633
1989-11-01,41.057213
1989-12-01,27.080643
1990-01-01,44.68367
1990-02-01,29.49936
1990-03-01,52.457664
1990-04-01,52.893856
1990-05-01,67.02846
1990-06-01,79.91681
1990-07-01,63.726845
1990-08-01,51.324234
1990-09-01,80.17084
1990-10-01,55.09455
1990-11-01,51.02008
1990-12-01,63.49591
1991-01-01,56.585552
1991-02-01,24.5838
1991-03-01,32.824062
1991-04-01,29.088318
1991-05-01,48.00665
1991-06-01,101.295715
1991-07-01,28.297039
1991-08-01,24.098125
1991-09-01,60.0272
1991-10-01,62.572334
1991-11-01,53.673893
1991-12-01,45.653793
1992-01-01,81.44574
1992-02-01,23.410063
1992-03-01,24.813887
1992-04-01,23.868282
1992-05-01,58.113052
1992-06-01,47.404728
1992-07-01,44.838974
1992-08-01,79.13045
1992-09-01,58.53924
1992-10-01,44.25674
1992-11-01,26.070034
1992-12-01,62.50697
1993-01-01,10.215416
1993-02-01,32.513977
1993-03-01,22.889498
1993-04-01,45.821087
1993-05-01,18.451843
1993-06-01,57.13766
1993-07-01,62.48678
1993-08-01,16.806293
1993-09-01,77.31699
1993-10-01,35.717903
1993-11-01,69.98128
1993-12-01,39.617126
1994-01-01,52.89287
1994-02-01,23.93782
1994-03-01,88.708755
1994-04-01,18.772211
1994-05-01,94.13336
1994-06-01,34.137894
1994-07-01,28.443691
1994-08-01,101.104126
1994-09-01,50.84098
1994-10-01,86.76589
1994-11-01,47.989574
1994-12-01,60.670135
1995-01-01,46.652607
1995-02-01,9.019349
1995-03-01,31.274836
1995-04-01,75.27829
1995-05-01,50.17247
1995-06-01,25.207186
1995-07-01,134.84438
1995-08-01,82.3659
1995-09-01,61.86812
1995-10-01,41.159225
1995-11-01,57.316467
1995-12-01,55.248608
1996-01-01,60.360542
1996-02-01,64.750046
1996-03-01,48.86633
1996-04-01,19.534668
1996-05-01,61.17976
1996-06-01,53.65777
1996-07-01,88.35346
1996-08-01,60.672043
1996-09-01,30.57747
1996-10-01,45.040253
1996-11-01,66.421165
1996-12-01,51.826195
1997-01-01,13.498014
1997-02-01,32.535378
1997-03-01,38.542355
1997-04-01,13.723924
1997-05-01,24.20757
1997-06-01,118.289185
1997-07-01,85.74021
1997-08-01,102.53169
1997-09-01,63.75146
1997-10-01,34.964046
1997-11-01,88.89787
1997-12-01,57.964634
1998-01-01,34.704754
1998-02-01,5.71643
1998-03-01,78.60149
1998-04-01,26.844536
1998-05-01,50.876305
1998-06-01,104.6245
1998-07-01,62.565514
1998-08-01,60.04013
1998-09-01,47.621483
1998-10-01,57.86531
1998-11-01,45.46306
1998-12-01,65.66837
1999-01-01,37.35199
1999-02-01,53.636948
1999-03-01,28.980976
1999-04-01,24.908241
1999-05-01,77.58165
1999-06-01,112.70659
1999-07-01,66.29582
1999-08-01,57.21618
1999-09-01,67.84995
1999-10-01,25.217192
1999-11-01,35.49038
1999-12-01,40.128014
2000-01-01,81.17618
2000-02-01,81.6502
2000-03-01,38.55485
2000-04-01,36.487404
2000-05-01,107.538795
2000-06-01,46.74928
2000-07-01,76.56434
2000-08-01,50.07272
2000-09-01,56.056206
2000-10-01,22.128738
2000-11-01,65.85393
2000-12-01,55.812347
2001-01-01,37.334187
2001-02-01,49.663948
2001-03-01,51.681618
2001-04-01,17.50284
2001-05-01,79.09647
2001-06-01,138.29695
2001-07-01,39.734974
2001-08-01,51.203354
2001-09-01,33.143692
2001-10-01,34.352707
2001-11-01,81.98036
2001-12-01,107.11212
2002-01-01,36.299484
2002-02-01,75.8854
2002-03-01,29.732292
2002-04-01,78.20673
2002-05-01,63.09227
2002-06-01,68.6857
2002-07-01,56.711
2002-08-01,59.093204
2002-09-01,61.539536
2002-10-01,58.806427
2002-11-01,50.51799
2002-12-01,87.08894
2003-01-01,24.500141
2003-02-01,56.08291
2003-03-01,71.64838
2003-04-01,20.95355
2003-05-01,92.94287
2003-06-01,33.641556
2003-07-01,70.165764
2003-08-01,50.36293
2003-09-01,68.8923
2003-10-01,59.67144
2003-11-01,37.895676
2003-12-01,88.07871
2004-01-01,40.925564
2004-02-01,4.17644
2004-03-01,21.7913
2004-04-01,29.696537
2004-05-01,51.978813
2004-06-01,47.091335
2004-07-01,52.08686
2004-08-01,77.29594
2004-09-01,34.560127
2004-10-01,26.57646
2004-11-01,56.814564
2004-12-01,51.66502
2005-01-01,26.36443
2005-02-01,28.723501
2005-03-01,14.929448
2005-04-01,17.48525
2005-05-01,43.54617
2005-06-01,56.92469
2005-07-01,124.93863
2005-08-01,68.14492
2005-09-01,52.296104
2005-10-01,28.485123
2005-11-01,27.371637
2005-12-01,89.32338
2006-01-01,94.46034
2006-02-01,16.135363
2006-03-01,49.911797
2006-04-01,54.1754
2006-05-01,102.9883
2006-06-01,79.634544
2006-07-01,34.824787
2006-08-01,60.823696
2006-09-01,62.23874
2006-10-01,39.99515
2006-11-01,29.48684
2006-12-01,46.89857
2007-01-01,50.361103
2007-02-01,65.561775
2007-03-01,27.961966
2007-04-01,53.191902
2007-05-01,25.560705
2007-06-01,71.32693
2007-07-01,88.0065
2007-08-01,61.126892
2007-09-01,31.739683
2007-10-01,23.383196
2007-11-01,29.689476
2007-12-01,83.620285
2008-01-01,56.63588
2008-02-01,30.356512
2008-03-01,51.05303
2008-04-01,57.20342
2008-05-01,34.506416
2008-06-01,63.047874
2008-07-01,24.51014
2008-08-01,42.336937
2008-09-01,15.305674
2008-10-01,20.065228
2008-11-01,77.01483
2008-12-01,85.83617
2009-01-01,49.414185
2009-02-01,22.899979
2009-03-01,66.05267
2009-04-01,76.66398
2009-05-01,80.88841
2009-06-01,74.29532
2009-07-01,23.252508
2009-08-01,20.735508
2009-09-01,13.910856
2009-10-01,40.745308
2009-11-01,70.80653
2009-12-01,63.16418
2010-01-01,45.259438
2010-02-01,58.712288
2010-03-01,48.521576
2010-04-01,69.719734
2010-05-01,15.436446
2010-06-01,62.09739
2010-07-01,68.066475
2010-08-01,55.438072
2010-09-01,15.619253
2010-10-01,84.72435
2010-11-01,33.308945
2010-12-01,36.856556
2011-01-01,70.99168
2011-02-01,39.904778
2011-03-01,33.845554
2011-04-01,28.197866
2011-05-01,28.120783
2011-06-01,115.78822
2011-07-01,86.16542
2011-08-01,41.667892
2011-09-01,31.60665
2011-10-01,52.012703
2011-11-01,59.26584
2011-12-01,38.94218
2012-01-01,46.25123
2012-02-01,61.562332
2012-03-01,68.96397
2012-04-01,14.406336
2012-05-01,31.925482
2012-06-01,21.26459
2012-07-01,76.564514
2012-08-01,109.54744
2012-09-01,19.4443
2012-10-01,17.844788
2012-11-01,66.49071
2012-12-01,53.612885
2013-01-01,102.46681
2013-02-01,67.27223
2013-03-01,24.512209
2013-04-01,45.315994
2013-05-01,25.411127
2013-06-01,16.835243
2013-07-01,28.495953
2013-08-01,78.26041
2013-09-01,13.014066
2013-10-01,38.49331
2013-11-01,23.468739
2013-12-01,73.67263
2014-01-01,41.88366
2014-02-01,22.786144
2014-03-01,34.878067
2014-04-01,73.649124
2014-05-01,87.60952
2014-06-01,95.68611
2014-07-01,92.81448
2014-08-01,97.386696
2014-09-01,19.690178
2014-10-01,55.13898
2014-11-01,53.11864
2014-12-01,100.85444
2015-01-01,72.4183
2015-02-01,63.966293
2015-03-01,29.756592
2015-04-01,52.96399
2015-05-01,46.40905
2015-06-01,84.46783
2015-07-01,74.411705
2015-08-01,40.998756
2015-09-01,31.41728
2015-10-01,94.62007
2015-11-01,40.250084
2015-12-01,29.767263
2016-01-01,52.124825
2016-02-01,36.66629
2016-03-01,65.60693
2016-04-01,53.677055
2016-05-01,29.526762
2016-06-01,46.323742
2016-07-01,61.90123
2016-08-01,72.41586
2016-09-01,12.115361
2016-10-01,45.244556
2016-11-01,79.12846
2016-12-01,101.821075
2017-01-01,27.027164
2017-02-01,47.441727
2017-03-01,81.58969
2017-04-01,34.89025
2017-05-01,20.33527
2017-06-01,36.254654
2017-07-01,16.304245
2017-08-01,46.230644
2017-09-01,54.0148
2017-10-01,71.176025
2017-11-01,18.994774
2017-12-01,72.74971
2018-01-01,97.21034
2018-02-01,21.311247
2018-03-01,41.18011
2018-04-01,37.91743
2018-05-01,32.688343
2018-06-01,45.87814
2018-07-01,35.11573
2018-08-01,43.146057
2018-09-01,61.343594
2018-10-01,29.139954
2018-11-01,39.012596
2018-12-01,84.79202
2019-01-01,101.76914
2019-02-01,42.099396
2019-03-01,9.416895
2019-04-01,15.931675
2019-05-01,52.775524
2019-06-01,29.724068
2019-07-01,64.95423
2019-08-01,63.754726
2019-09-01,42.751236
2019-10-01,68.41429
2019-11-01,32.291912
2019-12-01,37.744358
2020-01-01,57.110077
2020-02-01,52.483917
2020-03-01,88.57552
2020-04-01,33.97571
2020-05-01,86.64681
2020-06-01,74.35199
2020-07-01,151.6136
2020-08-01,80.96736
2020-09-01,48.634975
2020-10-01,36.04339
2020-11-01,53.93676
2020-12-01,44.862125
2021-01-01,77.557175
2021-02-01,46.259422
2021-03-01,62.108574
2021-04-01,49.47358
2021-05-01,58.669827
2021-06-01,32.925957
2021-07-01,67.017456
2021-08-01,99.76543
2021-09-01,89.947845
2021-10-01,26.97015
2021-11-01,59.322727
2021-12-01,36.8078
2022-01-01,23.71316
2022-02-01,29.2388
2022-03-01,96.24617
2022-04-01,22.259281
2022-05-01,69.118355
2022-06-01,66.20669
2022-07-01,98.294136
2022-08-01,47.555817
2022-09-01,120.877
2022-10-01,18.034958
2022-11-01,22.295097
2022-12-01,35.862656
2023-01-01,56.454895
2023-02-01,40.40431
2023-03-01,37.657867
2023-04-01,40.886696
2023-05-01,77.96908
2023-06-01,39.248405
2023-07-01,34.102295
2023-08-01,68.18202
2023-09-01,81.17561
2023-10-01,26.337759
2023-11-01,50.820316
2023-12-01,18.879211
2024-01-01,56.392624
2024-02-01,23.543394
2024-03-01,50.711094
2024-04-01,49.600395
2024-05-01,13.802549
2024-06-01,83.743866
2024-07-01,52.308716
2024-08-01,14.575352
2024-09-01,108.83867
2024-10-01,45.98143
2024-11-01,40.700836
2024-12-01,38.019417
2025-01-01,104.09358
2025-02-01,76.47212
2025-03-01,87.33923
2025-04-01,56.91997
2025-05-01,80.371735
2025-06-01,94.10732
2025-07-01,147.55579
2025-08-01,69.372055
2025-09-01,65.597336
2025-10-01,74.71721
2025-11-01,34.61835
2025-12-01,67.039154
2026-01-01,70.481384
2026-02-01,57.675903
2026-03-01,69.28626
2026-04-01,89.6012
2026-05-01,53.695614
2026-06-01,123.44711
2026-07-01,27.19271
2026-08-01,26.672981
2026-09-01,49.39983
2026-10-01,57.05644
2026-11-01,18.960905
2026-12-01,29.101036
2027-01-01,29.772274
2027-02-01,15.508348
2027-03-01,39.985268
2027-04-01,21.403402
2027-05-01,49.866676
2027-06-01,68.297195
2027-07-01,91.20291
2027-08-01,91.33064
2027-09-01,33.92108
2027-10-01,22.839148
2027-11-01,75.8758
2027-12-01,25.761534
2028-01-01,78.98234
2028-02-01,77.88158
2028-03-01,35.488106
2028-04-01,26.245003
2028-05-01,58.21367
2028-06-01,123.132645
2028-07-01,122.74709
2028-08-01,47.971443
2028-09-01,33.265987
2028-10-01,103.87211
2028-11-01,60.479355
2028-12-01,33.400185
2029-01-01,107.84549
2029-02-01,30.989708
2029-03-01,46.94155
2029-04-01,7.327722
2029-05-01,65.67874
2029-06-01,57.18904
2029-07-01,32.37109
2029-08-01,53.049446
2029-09-01,61.28949
2029-10-01,18.44697
2029-11-01,53.824528
2029-12-01,54.66732
2030-01-01,99.62927
2030-02-01,33.762333
2030-03-01,51.11893
2030-04-01,62.72966
2030-05-01,65.260574
2030-06-01,58.632553
2030-07-01,72.77475
2030-08-01,28.372665
2030-09-01,44.766438
2030-10-01,16.929134
2030-11-01,76.23887
2030-12-01,62.99667
2031-01-01,93.87418
2031-02-01,66.54695
2031-03-01,75.083305
2031-04-01,21.741568
2031-05-01,92.25777
2031-06-01,74.70123
2031-07-01,86.53722
2031-08-01,73.199036
2031-09-01,46.916817
2031-10-01,20.194086
2031-11-01,20.642715
2031-12-01,46.231102
2032-01-01,37.25633
2032-02-01,27.524132
2032-03-01,58.44594
2032-04-01,84.786514
2032-05-01,74.67814
2032-06-01,73.754974
2032-07-01,155.75204
2032-08-01,86.37012
2032-09-01,38.989677
2032-10-01,66.97354
2032-11-01,33.505226
2032-12-01,52.20391
2033-01-01,53.248737
2033-02-01,32.87834
2033-03-01,35.822723
2033-04-01,27.544403
2033-05-01,92.74414
2033-06-01,87.81708
2033-07-01,16.690538
2033-08-01,47.970104
2033-09-01,37.411
2033-10-01,76.01395
2033-11-01,58.973846
2033-12-01,22.366154
2034-01-01,64.30681
2034-02-01,83.27911
2034-03-01,48.334465
2034-04-01,48.329353
2034-05-01,146.52908
2034-06-01,71.8887
2034-07-01,12.885948
2034-08-01,92.83648
2034-09-01,94.91469
2034-10-01,47.061314
2034-11-01,59.82883
2034-12-01,95.34875
2035-01-01,45.057877
2035-02-01,76.915375
2035-03-01,48.043816
2035-04-01,16.685135
2035-05-01,44.198727
2035-06-01,105.58578
2035-07-01,70.819176
2035-08-01,59.876904
2035-09-01,33.476933
2035-10-01,119.07643
2035-11-01,83.17287
2035-12-01,40.12129
2036-01-01,23.080524
2036-02-01,31.166742
2036-03-01,29.969782
2036-04-01,40.717793
2036-05-01,42.08373
2036-06-01,58.906395
2036-07-01,116.230034
2036-08-01,49.430347
2036-09-01,24.94104
2036-10-01,15.159261
2036-11-01,43.205635
2036-12-01,60.663437
2037-01-01,41.96374
2037-02-01,34.66316
2037-03-01,44.735176
2037-04-01,35.380928
2037-05-01,70.29215
2037-06-01,126.13246
2037-07-01,80.10971
2037-08-01,39.66207
2037-09-01,71.21747
2037-10-01,67.38932
2037-11-01,92.534424
2037-12-01,50.21506
2038-01-01,25.690529
2038-02-01,23.67046
2038-03-01,53.226887
2038-04-01,95.93504
2038-05-01,38.052147
2038-06-01,128.67752
2038-07-01,103.22796
2038-08-01,48.40679
2038-09-01,51.7112
2038-10-01,89.46083
2038-11-01,81.81986
2038-12-01,101.0369
2039-01-01,82.4718
2039-02-01,86.859764
2039-03-01,22.754803
2039-04-01,36.84808
2039-05-01,109.87538
2039-06-01,28.513222
2039-07-01,32.235092
2039-08-01,115.45929
2039-09-01,60.609337
2039-10-01,40.53932
2039-11-01,47.636726
2039-12-01,38.008263
2040-01-01,27.434147
2040-02-01,52.660736
2040-03-01,26.264645
2040-04-01,44.449078
2040-05-01,111.216705
2040-06-01,83.0264
2040-07-01,43.32175
2040-08-01,36.01011
2040-09-01,41.3827
2040-10-01,23.369303
2040-11-01,77.80933
2040-12-01,65.53469
2041-01-01,60.39016
2041-02-01,18.092154
2041-03-01,49.44461
2041-04-01,64.08903
2041-05-01,57.229935
2041-06-01,61.358482
2041-07-01,79.94704
2041-08-01,63.639637
2041-09-01,36.847687
2041-10-01,45.906754
2041-11-01,107.79791
2041-12-01,38.017014
2042-01-01,23.003778
2042-02-01,4.929528
2042-03-01,62.16727
2042-04-01,72.5986
2042-05-01,50.29361
2042-06-01,32.170753
2042-07-01,26.84911
2042-08-01,52.77738
2042-09-01,57.765358
2042-10-01,107.10664
2042-11-01,42.724277
2042-12-01,25.071003
2043-01-01,43.55751
2043-02-01,77.05093
2043-03-01,35.330284
2043-04-01,99.64396
2043-05-01,80.28737
2043-06-01,64.53369
2043-07-01,67.53991
2043-08-01,107.800964
2043-09-01,53.885483
2043-10-01,56.527584
2043-11-01,66.994064
2043-12-01,53.318413
2044-01-01,56.46321
2044-02-01,95.380905
2044-03-01,30.804012
2044-04-01,58.847153
2044-05-01,54.57122
2044-06-01,90.05757
2044-07-01,47.376892
2044-08-01,33.095894
2044-09-01,84.151085
2044-10-01,115.644135
2044-11-01,69.36788
2044-12-01,47.44007
2045-01-01,38.285824
2045-02-01,80.700455
2045-03-01,29.3875
2045-04-01,40.272346
2045-05-01,96.34007
2045-06-01,69.0075
2045-07-01,99.186676
2045-08-01,75.6405
2045-09-01,46.082546
2045-10-01,21.78728
2045-11-01,23.60293
2045-12-01,60.253296
2046-01-01,50.659958
2046-02-01,29.145164
2046-03-01,14.140358
2046-04-01,58.7369
2046-05-01,102.415955
2046-06-01,65.4198
2046-07-01,50.884056
2046-08-01,48.480865
2046-09-01,28.666052
2046-10-01,56.196873
2046-11-01,70.72854
2046-12-01,17.20483
2047-01-01,80.87918
2047-02-01,47.363773
2047-03-01,64.108444
2047-04-01,33.77354
2047-05-01,75.05211
2047-06-01,78.30858
2047-07-01,52.598656
2047-08-01,119.7205
2047-09-01,42.26348
2047-10-01,64.703705
2047-11-01,6.889397
2047-12-01,48.03167
2048-01-01,55.714684
2048-02-01,18.486326
2048-03-01,38.330532
2048-04-01,50.168266
2048-05-01,72.50691
2048-06-01,43.14454
2048-07-01,23.386616
2048-08-01,67.92471
2048-09-01,11.402684
2048-10-01,46.207966
2048-11-01,21.45986
2048-12-01,103.990814
2049-01-01,101.66949
2049-02-01,54.16691
2049-03-01,68.399155
2049-04-01,52.633896
2049-05-01,55.407425
2049-06-01,133.71548
2049-07-01,50.43214
2049-08-01,62.771458
2049-09-01,27.58107
2049-10-01,29.90726
2049-11-01,63.713333
2049-12-01,49.532513
2050-01-01,84.30439
2050-02-01,31.95368
2050-03-01,49.26104
2050-04-01,24.588673
2050-05-01,54.57267
2050-06-01,43.009247
2050-07-01,68.48329
2050-08-01,51.06405
2050-09-01,28.174278
2050-10-01,38.471695
2050-11-01,71.65141
2050-12-01,24.674843
2051-01-01,59.85444
2051-02-01,22.246109
2051-03-01,36.857147
2051-04-01,12.267107
2051-05-01,49.19615
2051-06-01,39.12284
2051-07-01,77.83149
2051-08-01,118.375
2051-09-01,25.072205
2051-10-01,71.07087
2051-11-01,29.95325
2051-12-01,40.66873
2052-01-01,47.05532
2052-02-01,74.483635
2052-03-01,56.607395
2052-04-01,65.689735
2052-05-01,58.04824
2052-06-01,90.03228
2052-07-01,46.423096
2052-08-01,72.2022
2052-09-01,31.837105
2052-10-01,79.29861
2052-11-01,69.83096
2052-12-01,139.92587
2053-01-01,39.04579
2053-02-01,77.645905
2053-03-01,40.64253
2053-04-01,74.33704
2053-05-01,59.63604
2053-06-01,127.85169
2053-07-01,30.199425
2053-08-01,96.17595
2053-09-01,42.08536
2053-10-01,47.525127
2053-11-01,50.767212
2053-12-01,90.206085
2054-01-01,39.92093
2054-02-01,55.667732
2054-03-01,38.568623
2054-04-01,90.32948
2054-05-01,62.670025
2054-06-01,65.2001
2054-07-01,179.13686
2054-08-01,48.938995
2054-09-01,41.86173
2054-10-01,27.82766
2054-11-01,44.910294
2054-12-01,61.08013
2055-01-01,55.96639
2055-02-01,33.279312
2055-03-01,45.715996
2055-04-01,39.94746
2055-05-01,33.08117
2055-06-01,183.02448
2055-07-01,58.399025
2055-08-01,75.97688
2055-09-01,12.956918
2055-10-01,53.65338
2055-11-01,106.14924
2055-12-01,83.974686
2056-01-01,67.777405
2056-02-01,49.36774
2056-03-01,83.82788
2056-04-01,36.06545
2056-05-01,64.40286
2056-06-01,151.20743
2056-07-01,26.310507
2056-08-01,89.539276
2056-09-01,21.81947
2056-10-01,41.988567
2056-11-01,54.515884
2056-12-01,69.759315
2057-01-01,49.42183
2057-02-01,8.933674
2057-03-01,63.388058
2057-04-01,28.3144
2057-05-01,81.27458
2057-06-01,58.30382
2057-07-01,82.22247
2057-08-01,98.3424
2057-09-01,104.42807
2057-10-01,40.19407
2057-11-01,69.62833
2057-12-01,98.58905
2058-01-01,131.34369
2058-02-01,28.601727
2058-03-01,59.579346
2058-04-01,56.03693
2058-05-01,13.5962515
2058-06-01,60.854958
2058-07-01,21.010191
2058-08-01,105.95418
2058-09-01,61.05923
2058-10-01,41.541557
2058-11-01,69.42919
2058-12-01,38.080082
2059-01-01,52.68309
2059-02-01,23.078007
2059-03-01,50.01094
2059-04-01,24.534752
2059-05-01,55.80874
2059-06-01,133.83696
2059-07-01,29.584911
2059-08-01,52.105965
2059-09-01,28.502134
2059-10-01,31.985126
2059-11-01,38.07452
2059-12-01,38.069794
2060-01-01,31.957146
2060-02-01,35.3069
2060-03-01,15.020544
2060-04-01,99.421844
2060-05-01,71.256584
2060-06-01,157.50766
2060-07-01,60.15963
2060-08-01,61.377357
2060-09-01,48.053566
2060-10-01,62.705452
2060-11-01,60.08939
2060-12-01,98.66542
2061-01-01,104.33829
2061-02-01,33.976143
2061-03-01,52.21668
2061-04-01,56.852386
2061-05-01,85.9539
2061-06-01,103.01367
2061-07-01,121.18509
2061-08-01,42.05336
2061-09-01,58.781227
2061-10-01,78.00871
2061-11-01,34.564148
2061-12-01,54.67066
2062-01-01,40.360626
2062-02-01,50.920193
2062-03-01,41.12591
2062-04-01,37.234283
2062-05-01,31.902565
2062-06-01,76.08641
2062-07-01,51.093
2062-08-01,77.72622
2062-09-01,47.408447
2062-10-01,25.42472
2062-11-01,45.726845
2062-12-01,46.12983
2063-01-01,9.580424
2063-02-01,32.5122
2063-03-01,72.41667
2063-04-01,48.838234
2063-05-01,48.499454
2063-06-01,158.1824
2063-07-01,131.47105
2063-08-01,36.051636
2063-09-01,99.722374
2063-10-01,57.952538
2063-11-01,37.194714
2063-12-01,59.183807
2064-01-01,66.0302
2064-02-01,44.428505
2064-03-01,77.38481
2064-04-01,54.556
2064-05-01,121.547905
2064-06-01,72.94556
2064-07-01,66.12897
2064-08-01,36.415886
2064-09-01,49.05705
2064-10-01,34.86854
2064-11-01,72.76077
2064-12-01,64.11279
2065-01-01,44.186455
2065-02-01,37.949806
2065-03-01,24.39594
2065-04-01,31.571785
2065-05-01,114.52951
2065-06-01,138.62302
2065-07-01,69.81422
2065-08-01,63.198524
2065-09-01,52.563416
2065-10-01,67.87597
2065-11-01,59.66802
2065-12-01,62.13061
2066-01-01,114.826706
2066-02-01,51.17938
2066-03-01,52.749794
2066-04-01,21.806286
2066-05-01,41.043114
2066-06-01,61.449112
2066-07-01,118.41121
2066-08-01,31.159214
2066-09-01,51.37891
2066-10-01,49.564507
2066-11-01,18.29911
2066-12-01,78.58791
2067-01-01,44.807682
2067-02-01,51.606033
2067-03-01,73.00079
2067-04-01,21.0696
2067-05-01,31.385286
2067-06-01,73.01907
2067-07-01,72.29051
2067-08-01,54.691612
2067-09-01,22.36701
2067-10-01,51.96176
2067-11-01,25.253035
2067-12-01,56.31932
2068-01-01,64.11549
2068-02-01,22.736277
2068-03-01,47.092796
2068-04-01,71.778175
2068-05-01,132.05544
2068-06-01,89.39931
2068-07-01,58.78189
2068-08-01,27.967352
2068-09-01,28.180054
2068-10-01,56.395756
2068-11-01,63.51463
2068-12-01,38.269474
2069-01-01,84.17974
2069-02-01,55.680973
2069-03-01,18.929815
2069-04-01,46.15095
2069-05-01,60.617744
2069-06-01,61.491875
2069-07-01,47.426174
2069-08-01,20.837688
2069-09-01,29.66186
2069-10-01,76.80162
2069-11-01,42.37536
2069-12-01,51.789703
2070-01-01,63.78291
2070-02-01,40.92926
2070-03-01,34.380886
2070-04-01,29.238037
2070-05-01,40.608643
2070-06-01,79.91661
2070-07-01,48.893837
2070-08-01,42.702217
2070-09-01,62.44113
2070-10-01,17.025177
2070-11-01,41.06805
2070-12-01,60.21729
2071-01-01,38.56956
2071-02-01,67.2872
2071-03-01,30.927818
2071-04-01,49.429512
2071-05-01,73.27055
2071-06-01,138.12973
2071-07-01,32.60374
2071-08-01,79.477806
2071-09-01,23.87516
2071-10-01,25.140528
2071-11-01,53.874657
2071-12-01,44.35697
2072-01-01,43.694893
2072-02-01,5.8262935
2072-03-01,99.5404
2072-04-01,27.741928
2072-05-01,108.52255
2072-06-01,52.43824
2072-07-01,80.93835
2072-08-01,89.03737
2072-09-01,58.21036
2072-10-01,29.95263
2072-11-01,65.555405
2072-12-01,47.922676
2073-01-01,29.35699
2073-02-01,43.54326
2073-03-01,60.815186
2073-04-01,27.331104
2073-05-01,33.2415
2073-06-01,78.01637
2073-07-01,119.80104
2073-08-01,95.74283
2073-09-01,50.73396
2073-10-01,129.321
2073-11-01,27.320648
2073-12-01,29.274357
2074-01-01,38.89104
2074-02-01,17.732944
2074-03-01,116.76745
2074-04-01,71.693665
2074-05-01,67.44237
2074-06-01,34.69097
2074-07-01,39.36834
2074-08-01,74.82939
2074-09-01,57.30977
2074-10-01,84.88266
2074-11-01,108.085205
2074-12-01,69.98081
2075-01-01,26.195606
2075-02-01,80.13133
2075-03-01,54.032326
2075-04-01,47.21977
2075-05-01,92.691284
2075-06-01,93.79086
2075-07-01,112.59578
2075-08-01,108.75787
2075-09-01,30.279224
2075-10-01,52.85202
2075-11-01,110.87023
2075-12-01,46.605713
2076-01-01,87.69248
2076-02-01,52.869255
2076-03-01,90.47182
2076-04-01,64.11268
2076-05-01,35.67874
2076-06-01,91.57841
2076-07-01,87.48543
2076-08-01,91.19905
2076-09-01,55.41038
2076-10-01,49.81905
2076-11-01,23.062956
2076-12-01,63.695034
2077-01-01,55.15519
2077-02-01,25.958437
2077-03-01,32.194878
2077-04-01,24.161224
2077-05-01,50.72661
2077-06-01,58.985565
2077-07-01,89.194275
2077-08-01,77.246994
2077-09-01,26.261894
2077-10-01,29.800322
2077-11-01,94.331665
2077-12-01,7.150894
2078-01-01,98.65335
2078-02-01,44.527733
2078-03-01,33.05987
2078-04-01,35.82785
2078-05-01,26.44416
2078-06-01,107.42173
2078-07-01,123.65692
2078-08-01,43.44877
2078-09-01,112.39801
2078-10-01,83.427795
2078-11-01,44.459576
2078-12-01,66.937164
2079-01-01,40.104195
2079-02-01,85.55781
2079-03-01,55.518024
2079-04-01,70.930664
2079-05-01,47.11233
2079-06-01,95.13965
2079-07-01,88.91502
2079-08-01,85.64264
2079-09-01,71.7388
2079-10-01,66.15668
2079-11-01,43.445057
2079-12-01,40.25038
2080-01-01,83.236435
2080-02-01,12.84684
2080-03-01,68.55778
2080-04-01,51.50204
2080-05-01,96.434814
2080-06-01,121.115326
2080-07-01,80.34089
2080-08-01,85.70542
2080-09-01,73.834564
2080-10-01,17.53875
2080-11-01,39.091774
2080-12-01,31.451427
2081-01-01,75.69953
2081-02-01,44.02442
2081-03-01,56.704536
2081-04-01,136.9053
2081-05-01,161.69174
2081-06-01,82.48748
2081-07-01,49.802162
2081-08-01,48.99005
2081-09-01,73.60413
2081-10-01,104.89928
2081-11-01,72.791794
2081-12-01,59.92495
2082-01-01,68.49205
2082-02-01,39.235184
2082-03-01,73.65062
2082-04-01,43.82334
2082-05-01,36.661224
2082-06-01,62.453613
2082-07-01,42.45398
2082-08-01,51.46705
2082-09-01,52.705803
2082-10-01,26.85725
2082-11-01,104.24591
2082-12-01,31.27206
2083-01-01,24.520603
2083-02-01,37.949734
2083-03-01,12.836323
2083-04-01,72.96018
2083-05-01,44.110348
2083-06-01,120.598206
2083-07-01,83.82199
2083-08-01,67.16127
2083-09-01,57.897514
2083-10-01,114.36089
2083-11-01,58.73967
2083-12-01,64.3603
2084-01-01,18.089314
2084-02-01,23.55873
2084-03-01,88.24422
2084-04-01,51.80611
2084-05-01,44.44708
2084-06-01,142.19574
2084-07-01,25.790129
2084-08-01,79.26088
2084-09-01,51.31093
2084-10-01,28.785082
2084-11-01,30.854801
2084-12-01,140.0516
2085-01-01,61.61126
2085-02-01,75.067154
2085-03-01,54.820923
2085-04-01,95.72169
2085-05-01,54.548016
2085-06-01,91.22754
2085-07-01,58.51197
2085-08-01,19.87579
2085-09-01,27.384033
2085-10-01,35.792233
2085-11-01,65.251595
2085-12-01,32.70657
2086-01-01,20.61711
2086-02-01,33.270855
2086-03-01,34.59594
2086-04-01,39.17594
2086-05-01,106.641266
2086-06-01,18.947828
2086-07-01,109.25021
2086-08-01,40.13762
2086-09-01,47.55831
2086-10-01,16.507442
2086-11-01,52.194756
2086-12-01,66.90761
2087-01-01,12.258776
2087-02-01,102.22415
2087-03-01,80.54423
2087-04-01,78.54511
2087-05-01,99.467026
2087-06-01,186.35951
2087-07-01,94.51427
2087-08-01,80.38338
2087-09-01,38.072052
2087-10-01,58.154587
2087-11-01,65.36948
2087-12-01,72.76534
2088-01-01,83.990486
2088-02-01,81.30838
2088-03-01,76.85956
2088-04-01,49.810986
2088-05-01,65.87308
2088-06-01,70.65775
2088-07-01,105.70014
2088-08-01,61.78418
2088-09-01,32.484108
2088-10-01,35.05517
2088-11-01,128.91907
2088-12-01,93.348694
2089-01-01,76.1987
2089-02-01,47.19352
2089-03-01,40.833763
2089-04-01,26.4944
2089-05-01,64.35993
2089-06-01,70.43944
2089-07-01,90.36504
2089-08-01,34.2873
2089-09-01,44.86857
2089-10-01,28.934639
2089-11-01,41.192642
2089-12-01,42.561066
2090-01-01,8.329479
2090-02-01,33.213696
2090-03-01,47.68356
2090-04-01,37.247307
2090-05-01,45.294342
2090-06-01,136.4002
2090-07-01,86.478806
2090-08-01,100.60782
2090-09-01,56.705772
2090-10-01,51.819775
2090-11-01,33.825607
2090-12-01,24.746628
2091-01-01,78.5731
2091-02-01,53.48155
2091-03-01,60.54685
2091-04-01,48.749645
2091-05-01,102.92833
2091-06-01,99.76505
2091-07-01,95.91691
2091-08-01,95.19888
2091-09-01,108.143524
2091-10-01,32.055088
2091-11-01,37.207523
2091-12-01,10.318281
2092-01-01,68.77417
2092-02-01,30.252602
2092-03-01,34.703617
2092-04-01,47.829292
2092-05-01,60.70688
2092-06-01,54.06467
2092-07-01,64.559074
2092-08-01,72.78779
2092-09-01,40.201683
2092-10-01,51.583298
2092-11-01,58.60222
2092-12-01,58.62887
2093-01-01,93.83974
2093-02-01,38.94967
2093-03-01,84.94202
2093-04-01,62.126957
2093-05-01,53.82733
2093-06-01,88.39917
2093-07-01,19.44048
2093-08-01,48.2219
2093-09-01,77.8544
2093-10-01,97.53662
2093-11-01,20.457094
2093-12-01,32.097412
2094-01-01,29.45162
2094-02-01,37.59784
2094-03-01,59.378487
2094-04-01,14.638047
2094-05-01,68.23979
2094-06-01,81.646126
2094-07-01,53.604164
2094-08-01,71.96797
2094-09-01,40.588432
2094-10-01,45.036087
2094-11-01,28.769205
2094-12-01,26.78215
2095-01-01,18.67067
2095-02-01,36.189053
2095-03-01,34.068913
2095-04-01,61.301804
2095-05-01,79.98909
2095-06-01,159.9158
2095-07-01,72.51587
2095-08-01,54.24153
2095-09-01,28.886457
2095-10-01,13.400682
2095-11-01,43.64051
2095-12-01,76.15117
2096-01-01,52.197052
2096-02-01,18.957022
2096-03-01,40.94333
2096-04-01,35.773415
2096-05-01,181.90875
2096-06-01,70.55167
2096-07-01,83.97403
2096-08-01,95.860306
2096-09-01,63.739307
2096-10-01,46.132526
2096-11-01,38.535973
2096-12-01,48.6231
2097-01-01,64.584305
2097-02-01,76.441216
2097-03-01,45.651863
2097-04-01,51.67894
2097-05-01,36.633083
2097-06-01,58.23854
2097-07-01,118.29878
2097-08-01,87.88637
2097-09-01,69.98061
2097-10-01,95.79862
2097-11-01,39.929028
2097-12-01,23.61639
2098-01-01,32.42333
2098-02-01,68.17162
2098-03-01,69.84609
2098-04-01,37.960064
2098-05-01,103.73857
2098-06-01,82.33807
2098-07-01,84.467804
2098-08-01,91.090195
2098-09-01,59.8577
2098-10-01,68.56427
2098-11-01,66.9498
2098-12-01,62.955505
2099-01-01,50.166367
2099-02-01,49.991577
2099-03-01,76.20298
2099-04-01,30.1949
2099-05-01,48.517223
2099-06-01,87.959656
2099-07-01,48.92601
2099-08-01,78.94728
2099-09-01,25.936607
2099-10-01,39.434032
2099-11-01,36.977287
2099-12-01,71.01288
2100-01-01,32.511364
2100-02-01,28.103664
2100-03-01,62.634926
2100-04-01,68.066
2100-05-01,24.53154
2100-06-01,61.239532
2100-07-01,79.493324
2100-08-01,62.88501
2100-09-01,63.649002
2100-10-01,32.757683
2100-11-01,20.532871
2100-12-01,52.94841
