time,07_wb_mm_month
1850-01-01,26.512029008718073
1850-02-01,23.067251505853022
1850-03-01,11.874336878768595
1850-04-01,-45.05201795469564
1850-05-01,-3.854297104292243
1850-06-01,50.39384920556343
1850-07-01,-69.06368018879236
1850-08-01,-70.98552355507853
1850-09-01,-45.82057249457169
1850-10-01,-18.06082466244265
1850-11-01,13.936032078231046
1850-12-01,76.85284296202805
1851-01-01,36.51054537365992
1851-02-01,19.432916233234053
1851-03-01,-28.33816979946424
1851-04-01,0.1955878771641295
1851-05-01,-30.68385753134274
1851-06-01,-70.94451886144984
1851-07-01,2.501275633249378
1851-08-01,-53.430398398854265
1851-09-01,8.395592526893424
1851-10-01,39.29357285375352
1851-11-01,3.432455950690372
1851-12-01,44.8492890233299
1852-01-01,128.06249198310388
1852-02-01,21.1193757108013
1852-03-01,10.579905765788943
1852-04-01,-39.653315969960516
1852-05-01,-119.29754152603505
1852-06-01,-104.23082488715829
1852-07-01,-103.52404354505569
1852-08-01,-98.8285694073274
1852-09-01,-22.9758246446075
1852-10-01,51.338438932825404
1852-11-01,36.75612789312242
1852-12-01,85.64059232912535
1853-01-01,65.74019211391177
1853-02-01,4.669058088901263
1853-03-01,-7.339825834698729
1853-04-01,-40.81778206530093
1853-05-01,-44.388102817489724
1853-06-01,-107.7456362382809
1853-07-01,-63.83704015440226
1853-08-01,-25.269506579326745
1853-09-01,-6.432060372806646
1853-10-01,-5.615335599319437
1853-11-01,26.26609650526676
1853-12-01,37.64624669493845
1854-01-01,28.27256282831716
1854-02-01,24.04970123974941
1854-03-01,-6.859468442503754
1854-04-01,-27.575146627686436
1854-05-01,8.721372078142721
1854-06-01,-125.7064348109335
1854-07-01,-122.53451297294541
1854-08-01,-71.73748508685456
1854-09-01,-32.05360335764428
1854-10-01,47.973383489461284
1854-11-01,9.790859570628042
1854-12-01,18.815999738888085
1855-01-01,74.27776779098282
1855-02-01,27.006826327208053
1855-03-01,-19.950223689977626
1855-04-01,-54.630610137354225
1855-05-01,-55.425266651554594
1855-06-01,-103.99713572661227
1855-07-01,-22.36063031986481
1855-08-01,-71.41219786509194
1855-09-01,-23.55509017304277
1855-10-01,-5.533923266563939
1855-11-01,46.57029186621051
1855-12-01,35.81923169950383
1856-01-01,57.69747108283997
1856-02-01,-0.03852509008917693
1856-03-01,-7.365626633366674
1856-04-01,-37.41953652103459
1856-05-01,-59.14831822096542
1856-06-01,-68.96058384291993
1856-07-01,-120.83042445881733
1856-08-01,-97.82725935384843
1856-09-01,22.06879654735924
1856-10-01,-16.81445322872044
1856-11-01,33.832454648615304
1856-12-01,56.67324372550239
1857-01-01,61.56538530599412
1857-02-01,26.26249967742414
1857-03-01,-20.308350958915227
1857-04-01,-38.446443459210656
1857-05-01,-23.70027356865262
1857-06-01,-40.470309794740075
1857-07-01,7.600880636604259
1857-08-01,-28.979431728668544
1857-09-01,-41.768160516094056
1857-10-01,-9.76883408114228
1857-11-01,64.8644061236944
1857-12-01,46.65087434653893
1858-01-01,34.272464391
1858-02-01,36.25890329119079
1858-03-01,9.382734495845895
1858-04-01,-77.26918081408796
1858-05-01,-92.19096078524183
1858-06-01,-61.52803580723702
1858-07-01,-76.04440153481883
1858-08-01,-56.95868510601207
1858-09-01,-26.875289866234148
1858-10-01,-9.15900761627347
1858-11-01,46.271127076547465
1858-12-01,44.86435988494528
1859-01-01,62.75008940812472
1859-02-01,12.336609357229548
1859-03-01,14.955240188643721
1859-04-01,-8.29602534395336
1859-05-01,-91.69833800104956
1859-06-01,-12.329187054385528
1859-07-01,-112.19004281889863
1859-08-01,-11.19582586841338
1859-09-01,-16.674593918403374
1859-10-01,18.63473219462915
1859-11-01,13.207670242393075
1859-12-01,51.49328239242011
1860-01-01,33.50542094763975
1860-02-01,53.11510225348848
1860-03-01,16.14963502269687
1860-04-01,-56.488680683566116
1860-05-01,-4.21083627358928
1860-06-01,-69.1592059218217
1860-07-01,-20.97225547044259
1860-08-01,-79.96668436524493
1860-09-01,-21.00042904699717
1860-10-01,11.842166760906025
1860-11-01,60.58480899644938
1860-12-01,71.9754770738657
1861-01-01,112.81593028412041
1861-02-01,5.9730605406538135
1861-03-01,5.798782039873913
1861-04-01,-41.99730554939673
1861-05-01,-111.4333791667166
1861-06-01,-108.31411582030955
1861-07-01,-101.65556289321074
1861-08-01,19.058422044157822
1861-09-01,12.63332274958853
1861-10-01,-11.4533990876848
1861-11-01,27.864138844028606
1861-12-01,36.810941114387454
1862-01-01,37.65198834247923
1862-02-01,22.08649144900327
1862-03-01,3.6923994337939874
1862-04-01,-17.25970113591208
1862-05-01,-7.99820684089778
1862-06-01,-44.90019053441203
1862-07-01,25.301301247173072
1862-08-01,-65.91252135644258
1862-09-01,-16.06097406235284
1862-10-01,11.849622941374289
1862-11-01,34.814965736061
1862-12-01,96.94826361249075
1863-01-01,77.6084512368251
1863-02-01,12.384435986389985
1863-03-01,-6.232484377448415
1863-04-01,-3.813851488496965
1863-05-01,-109.72102022915212
1863-06-01,-41.576510406689266
1863-07-01,-10.263004971227957
1863-08-01,-99.30827608377571
1863-09-01,-13.838482726546232
1863-10-01,70.02996343706866
1863-11-01,22.4309977450689
1863-12-01,61.51246775045911
1864-01-01,7.686177084003712
1864-02-01,48.33979151707621
1864-03-01,-22.756289220902588
1864-04-01,-19.75693740034619
1864-05-01,-43.49673864416249
1864-06-01,-2.3560016296773085
1864-07-01,-58.656441289700055
1864-08-01,-33.288001262537506
1864-09-01,-21.422090012327416
1864-10-01,-2.336151251651149
1864-11-01,40.86223742305918
1864-12-01,30.578417653390282
1865-01-01,63.83533590138421
1865-02-01,24.37725364367006
1865-03-01,-18.341209457511745
1865-04-01,-24.036737322004015
1865-05-01,-91.1323673238048
1865-06-01,-101.69493728854079
1865-07-01,-43.88156795083893
1865-08-01,-58.32320786563909
1865-09-01,37.540571081922025
1865-10-01,43.609523073133715
1865-11-01,34.02925157215911
1865-12-01,78.896450861941
1866-01-01,44.27011546757508
1866-02-01,36.66321997642783
1866-03-01,13.979935989933587
1866-04-01,-12.244930208069505
1866-05-01,-40.99398863798254
1866-06-01,1.5016355857034114
1866-07-01,-78.08180625807898
1866-08-01,9.189663638738466
1866-09-01,13.447705177845506
1866-10-01,82.8705249862454
1866-11-01,62.52538397691403
1866-12-01,46.48381322863706
1867-01-01,62.123924120844606
1867-02-01,31.4266049895561
1867-03-01,-6.255410547559599
1867-04-01,-42.79744577915497
1867-05-01,-47.71231947780156
1867-06-01,-70.374817947834
1867-07-01,-104.08097853520155
1867-08-01,-111.01957604460104
1867-09-01,0.08985655233172452
1867-10-01,-12.804189232726145
1867-11-01,44.65039503998145
1867-12-01,34.70282173668676
1868-01-01,13.84311592861421
1868-02-01,28.445978042813113
1868-03-01,24.680477082677513
1868-04-01,-34.68438855432271
1868-05-01,9.938032300924178
1868-06-01,-23.152225806326257
1868-07-01,-95.04348199921034
1868-08-01,-39.038826854314976
1868-09-01,-10.534032451824906
1868-10-01,7.804780058359285
1868-11-01,24.168235143713133
1868-12-01,55.95802416010672
1869-01-01,12.387199090371555
1869-02-01,36.198114203980815
1869-03-01,-6.9149930590103565
1869-04-01,-51.79113252865743
1869-05-01,-70.0978483985618
1869-06-01,-56.537139101229116
1869-07-01,-4.749792939468392
1869-08-01,-73.07992228521918
1869-09-01,-51.5928635890328
1869-10-01,35.97019867948088
1869-11-01,30.75210382251141
1869-12-01,17.609034989389468
1870-01-01,42.053145775900084
1870-02-01,14.431012703085855
1870-03-01,-2.1177785381106737
1870-04-01,-50.72890013843907
1870-05-01,-5.842439206622359
1870-06-01,-82.6967270498904
1870-07-01,-92.26033012314122
1870-08-01,-69.47038980942351
1870-09-01,-11.884396853658217
1870-10-01,10.231181320159209
1870-11-01,41.89300920286395
1870-12-01,30.949073141034123
1871-01-01,46.13343583100499
1871-02-01,33.70875282962497
1871-03-01,-29.217428620860126
1871-04-01,-38.32788096353417
1871-05-01,-59.64290685725503
1871-06-01,-27.248723563629284
1871-07-01,-14.211130630478948
1871-08-01,-63.66454244472531
1871-09-01,29.992144066571157
1871-10-01,75.57179613116153
1871-11-01,26.736224089257707
1871-12-01,28.116907632488598
1872-01-01,31.479827389002192
1872-02-01,13.695310227045614
1872-03-01,-22.452400324606458
1872-04-01,-51.22328257594886
1872-05-01,-46.79441523038476
1872-06-01,-61.86994560444916
1872-07-01,-108.04104272451511
1872-08-01,0.2637005271330821
1872-09-01,-8.799185420181445
1872-10-01,-16.182394438754947
1872-11-01,30.644658745328947
1872-12-01,26.60810269848294
1873-01-01,70.439705719084
1873-02-01,36.315230979287534
1873-03-01,-9.969186777834608
1873-04-01,-36.12251266052424
1873-05-01,-66.19057808455055
1873-06-01,-135.8391434870797
1873-07-01,-99.80636890781216
1873-08-01,-97.04207730890671
1873-09-01,-47.890383938030965
1873-10-01,-5.850592714355777
1873-11-01,56.953169210101734
1873-12-01,56.64159713029658
1874-01-01,54.19165297369426
1874-02-01,-2.42994251911224
1874-03-01,-1.0634423267813915
1874-04-01,-40.825594603961946
1874-05-01,-66.24587171050574
1874-06-01,-63.35237744251215
1874-07-01,-115.25076562636656
1874-08-01,-100.2884308700805
1874-09-01,-29.353298771468104
1874-10-01,37.95119513012046
1874-11-01,28.91452740259704
1874-12-01,69.31782052928723
1875-01-01,100.93578730776407
1875-02-01,52.700180366966755
1875-03-01,5.221712568298386
1875-04-01,-49.75046407214661
1875-05-01,-38.04092783058023
1875-06-01,-116.30086252845035
1875-07-01,37.15926272546906
1875-08-01,-55.15977650526638
1875-09-01,-4.72196101067172
1875-10-01,52.137774119825735
1875-11-01,45.48575743886431
1875-12-01,23.26314420437213
1876-01-01,32.08075181598189
1876-02-01,28.96897255790512
1876-03-01,29.32944812292248
1876-04-01,-21.41575605407789
1876-05-01,-69.13624251086665
1876-06-01,-128.09606789993975
1876-07-01,-97.44308883773974
1876-08-01,-74.138900106989
1876-09-01,-27.736055762102012
1876-10-01,43.35980109844329
1876-11-01,12.5348510147492
1876-12-01,3.1092267896242487
1877-01-01,56.609714443111734
1877-02-01,9.313302990125496
1877-03-01,-21.953400012762117
1877-04-01,-22.115868220325794
1877-05-01,-41.47804489215228
1877-06-01,-89.41564925631391
1877-07-01,-59.2520689416267
1877-08-01,-13.512692915474332
1877-09-01,-18.891679795308036
1877-10-01,22.053850720048544
1877-11-01,51.829030298590475
1877-12-01,44.54121942032201
1878-01-01,42.176616707571895
1878-02-01,44.75543798303309
1878-03-01,-29.04128427347652
1878-04-01,-60.31197784788297
1878-05-01,-102.18278591436771
1878-06-01,1.3017453443244449
1878-07-01,-55.58362945650927
1878-08-01,-9.686047638999682
1878-09-01,2.505310534273619
1878-10-01,46.22471018102395
1878-11-01,7.192366748699012
1878-12-01,54.25523663040986
1879-01-01,23.52977827978739
1879-02-01,8.295198208460484
1879-03-01,30.072244618277196
1879-04-01,-42.61993739858636
1879-05-01,-57.7472686373184
1879-06-01,-74.87692524200615
1879-07-01,-16.792433727245452
1879-08-01,-25.32006106609107
1879-09-01,-32.41164443474655
1879-10-01,19.168431500328694
1879-11-01,32.3428207165952
1879-12-01,56.89568325546266
1880-01-01,137.9838145252381
1880-02-01,12.376974817336302
1880-03-01,-5.65346943656575
1880-04-01,-37.667058442571644
1880-05-01,21.07720646153392
1880-06-01,-26.5809670410719
1880-07-01,-71.77841689787229
1880-08-01,-6.3270918091469355
1880-09-01,6.501677448675181
1880-10-01,28.99594175981302
1880-11-01,39.43542987731757
1880-12-01,60.212697953095855
1881-01-01,52.176979584727206
1881-02-01,-1.9122065480732893
1881-03-01,48.09379942491054
1881-04-01,-15.46029942916077
1881-05-01,-76.83024039143986
1881-06-01,32.007159836693546
1881-07-01,-89.70499998254462
1881-08-01,-33.97396493801598
1881-09-01,-24.394825561473098
1881-10-01,-5.2183695014584615
1881-11-01,14.59076731701788
1881-12-01,64.99378432226125
1882-01-01,18.97199009764917
1882-02-01,22.487226052456926
1882-03-01,1.5804246275942901
1882-04-01,-61.030159129324204
1882-05-01,57.56282050676279
1882-06-01,-62.78088009523407
1882-07-01,-35.52833450988038
1882-08-01,10.061940631325186
1882-09-01,-48.96531415576243
1882-10-01,37.0643953972759
1882-11-01,54.02440868974862
1882-12-01,46.37672122602454
1883-01-01,10.003269831031586
1883-02-01,34.50895779049178
1883-03-01,43.80796429151664
1883-04-01,-47.64713914935554
1883-05-01,17.279094955779897
1883-06-01,-57.80477018948362
1883-07-01,83.00290963969978
1883-08-01,-57.46992813734529
1883-09-01,-32.50097041071526
1883-10-01,19.693322615276422
1883-11-01,25.214865190476072
1883-12-01,30.522626298197935
1884-01-01,10.718279973701188
1884-02-01,69.88902835921621
1884-03-01,-8.68411299411747
1884-04-01,-44.33418603866336
1884-05-01,-69.24080440146527
1884-06-01,1.1689531537157194
1884-07-01,-93.86341108109497
1884-08-01,-8.651155598886177
1884-09-01,17.034563442343682
1884-10-01,24.061690836600825
1884-11-01,41.16109186641617
1884-12-01,20.44966205939162
1885-01-01,68.33376638465485
1885-02-01,63.38727209347968
1885-03-01,-15.908358218452513
1885-04-01,-30.16798653599038
1885-05-01,-37.62671528404344
1885-06-01,46.7983924906995
1885-07-01,-55.357247607403096
1885-08-01,-33.75660254252452
1885-09-01,57.50614135223915
1885-10-01,-4.036072962879331
1885-11-01,47.15206028540898
1885-12-01,16.62616232376604
1886-01-01,19.278025061957777
1886-02-01,10.029545126364795
1886-03-01,-23.88306948375135
1886-04-01,-48.0485901900623
1886-05-01,-91.256410934216
1886-06-01,-71.3422616094179
1886-07-01,-88.70661621602764
1886-08-01,-45.65905166665601
1886-09-01,46.25299450197783
1886-10-01,-4.488093955417305
1886-11-01,43.25849949411606
1886-12-01,24.82852996157766
1887-01-01,57.14604463412799
1887-02-01,-9.461386099464558
1887-03-01,46.4648863523023
1887-04-01,-72.18915870681921
1887-05-01,-83.7822819107228
1887-06-01,-77.17389959608138
1887-07-01,-103.32517989502026
1887-08-01,-84.29414474062632
1887-09-01,-1.5831100787815018
1887-10-01,15.8305914524447
1887-11-01,17.209978333057414
1887-12-01,32.850245967864126
1888-01-01,-0.5823188977752887
1888-02-01,59.16468684962335
1888-03-01,-26.77303433501571
1888-04-01,-39.17289025114371
1888-05-01,-74.3241994157761
1888-06-01,-62.4835453477919
1888-07-01,-84.10551295441437
1888-08-01,-40.77261475103161
1888-09-01,27.645248109697164
1888-10-01,-2.2627722988019237
1888-11-01,9.702675901100728
1888-12-01,52.22788050587962
1889-01-01,13.008298280717916
1889-02-01,37.803646080384745
1889-03-01,-19.67725444024689
1889-04-01,-24.36345293148385
1889-05-01,-62.47081105828549
1889-06-01,-74.47667327370797
1889-07-01,-47.63767275290236
1889-08-01,-85.159139382977
1889-09-01,-28.940704667398848
1889-10-01,53.69569767811074
1889-11-01,23.9704706904187
1889-12-01,41.36348087797544
1890-01-01,87.89869876578415
1890-02-01,-2.32488238807807
1890-03-01,-19.139834371748023
1890-04-01,-49.950321343898494
1890-05-01,-91.55956341794595
1890-06-01,18.294391666237658
1890-07-01,112.30314372285603
1890-08-01,-16.294131710859816
1890-09-01,-21.503619722778886
1890-10-01,23.209242310468113
1890-11-01,13.250651469430254
1890-12-01,22.982807848254357
1891-01-01,69.13283471666446
1891-02-01,5.394574638621185
1891-03-01,-2.240355384080189
1891-04-01,-40.79099277317616
1891-05-01,-72.10977719126866
1891-06-01,-84.19125297272106
1891-07-01,-101.15225091763708
1891-08-01,-70.08981734600562
1891-09-01,38.975986149310124
1891-10-01,-4.0256925455622365
1891-11-01,6.218347213467478
1891-12-01,55.563142698375884
1892-01-01,36.47876698644049
1892-02-01,2.6492395477459247
1892-03-01,-11.808742535101125
1892-04-01,-63.86303258526432
1892-05-01,-100.64607483224157
1892-06-01,-93.32217085614755
1892-07-01,-91.83026317183914
1892-08-01,-21.513471144129582
1892-09-01,-9.508917838697691
1892-10-01,-9.64265010676791
1892-11-01,46.71836231734154
1892-12-01,59.97383876903062
1893-01-01,43.07594518566233
1893-02-01,2.674543176604031
1893-03-01,-5.526859270627476
1893-04-01,9.61222221528854
1893-05-01,-69.84536212890197
1893-06-01,-36.11779638908331
1893-07-01,-121.39638824846557
1893-08-01,-88.9627975816573
1893-09-01,-25.170295184031957
1893-10-01,-7.895236535397032
1893-11-01,7.544356983380009
1893-12-01,31.239036447951708
1894-01-01,88.3363091377946
1894-02-01,26.357370865635367
1894-03-01,-25.19858477336087
1894-04-01,-54.83568883352905
1894-05-01,-50.576836556503
1894-06-01,-35.65444826766617
1894-07-01,-131.31163486505443
1894-08-01,-90.72149016967293
1894-09-01,-49.065144651661626
1894-10-01,68.4452621661337
1894-11-01,24.141871611963015
1894-12-01,56.4640391974934
1895-01-01,21.747970048815393
1895-02-01,42.742135876629156
1895-03-01,21.031203929018986
1895-04-01,-2.656999198093672
1895-05-01,-15.8600662632129
1895-06-01,-96.21433532524833
1895-07-01,-38.89368534631265
1895-08-01,-37.25845889997896
1895-09-01,20.787627615169512
1895-10-01,12.808197410247814
1895-11-01,81.89609611400383
1895-12-01,65.2674318648138
1896-01-01,63.90930881986225
1896-02-01,39.538139587438216
1896-03-01,9.139003238070227
1896-04-01,-0.9420863112422069
1896-05-01,-92.1721732844512
1896-06-01,-48.91580531305088
1896-07-01,-0.4910562658600526
1896-08-01,-39.102395652714904
1896-09-01,-10.20098392089919
1896-10-01,12.48501384414034
1896-11-01,53.11892478914864
1896-12-01,18.906194524892843
1897-01-01,20.740626285656507
1897-02-01,30.15137036559593
1897-03-01,1.520243753067831
1897-04-01,-13.59917543104413
1897-05-01,-88.97781419959156
1897-06-01,-99.1883346904601
1897-07-01,-144.37292579080471
1897-08-01,-103.12817878364748
1897-09-01,12.488345782257596
1897-10-01,13.735454617684752
1897-11-01,19.24803902479502
1897-12-01,59.86639936128893
1898-01-01,18.972014899729746
1898-02-01,12.532909625396314
1898-03-01,-5.9724479580292495
1898-04-01,-37.231638461776186
1898-05-01,-45.61176229386727
1898-06-01,-28.59280949821182
1898-07-01,-62.4850558605217
1898-08-01,5.205490248603681
1898-09-01,3.925071665032746
1898-10-01,-12.40206832296554
1898-11-01,5.646105777554977
1898-12-01,68.28316008235295
1899-01-01,39.49803098713479
1899-02-01,76.29128551824701
1899-03-01,40.53308131156698
1899-04-01,-23.1347742663543
1899-05-01,-80.06345314837986
1899-06-01,-67.23943379586383
1899-07-01,-20.75350307653862
1899-08-01,-64.12860073969433
1899-09-01,-4.565464491655504
1899-10-01,-8.230774098142657
1899-11-01,36.58931839128624
1899-12-01,59.941294377506736
1900-01-01,42.54854885369285
1900-02-01,12.208259460006545
1900-03-01,-7.872512274666846
1900-04-01,-23.310832772264447
1900-05-01,-60.101539047776456
1900-06-01,-5.837420641616404
1900-07-01,-33.267542680952815
1900-08-01,-76.90121369732165
1900-09-01,-20.636356570850083
1900-10-01,58.16783544666647
1900-11-01,22.641788712481162
1900-12-01,43.4528791792471
1901-01-01,45.05042336908705
1901-02-01,66.66534760238575
1901-03-01,33.295598622021984
1901-04-01,-46.438323637558696
1901-05-01,-30.61267777019569
1901-06-01,-90.53498156350994
1901-07-01,-73.42609682299653
1901-08-01,-63.2076632559166
1901-09-01,17.900195637235427
1901-10-01,36.53472498837229
1901-11-01,61.253473667321146
1901-12-01,30.69436773261382
1902-01-01,33.95372388581207
1902-02-01,16.648089684984004
1902-03-01,-10.224769182423898
1902-04-01,-63.09677203651373
1902-05-01,-127.47486982244251
1902-06-01,-93.77594705656344
1902-07-01,-97.54155704939262
1902-08-01,-40.86150689831551
1902-09-01,-28.61260347430607
1902-10-01,21.367783003635303
1902-11-01,21.540938087211675
1902-12-01,38.37602366371124
1903-01-01,13.588010492852591
1903-02-01,19.760281501474786
1903-03-01,-8.064886969492463
1903-04-01,-11.573436310726265
1903-05-01,-43.90027340859719
1903-06-01,-75.61918929487086
1903-07-01,-70.62760113159068
1903-08-01,-32.4847343055843
1903-09-01,-48.714425263002084
1903-10-01,0.9943034472117951
1903-11-01,49.51159152112642
1903-12-01,17.142322646502524
1904-01-01,105.1372009649324
1904-02-01,26.247854166357563
1904-03-01,-2.8326187583932523
1904-04-01,-75.10430754987145
1904-05-01,0.020775932490352034
1904-06-01,13.011490614283659
1904-07-01,-94.64538109108338
1904-08-01,-74.69123956891545
1904-09-01,-17.725880127550866
1904-10-01,21.863739443866955
1904-11-01,53.67347736080272
1904-12-01,34.50881918846927
1905-01-01,47.20127589519357
1905-02-01,3.8816342794558185
1905-03-01,16.474339925092416
1905-04-01,-12.649953875161557
1905-05-01,-75.79115277417252
1905-06-01,26.370068210625433
1905-07-01,-56.22363365414273
1905-08-01,-98.56328102644558
1905-09-01,-23.165093280463722
1905-10-01,-1.3845648841213034
1905-11-01,31.793111426468926
1905-12-01,40.42802801762443
1906-01-01,62.80818313831881
1906-02-01,6.540263808455245
1906-03-01,15.947203777489804
1906-04-01,-21.93150836165823
1906-05-01,-46.24386242160169
1906-06-01,-49.43427066667212
1906-07-01,-107.46931257133505
1906-08-01,-98.22859595423603
1906-09-01,-57.11005387285148
1906-10-01,21.687352095770045
1906-11-01,53.86850864248049
1906-12-01,56.43669786505616
1907-01-01,50.773861940602906
1907-02-01,68.18011413344306
1907-03-01,-12.783300995447746
1907-04-01,-7.216531809073942
1907-05-01,-101.59988639071685
1907-06-01,-9.922994498571882
1907-07-01,20.88325540402596
1907-08-01,-70.6308259357125
1907-09-01,-56.203508117316744
1907-10-01,-0.05702741815384371
1907-11-01,57.50989807963768
1907-12-01,39.70259540548266
1908-01-01,88.42116979382985
1908-02-01,18.823328651823473
1908-03-01,-20.487558350666504
1908-04-01,-26.652026600483183
1908-05-01,-43.13105529354101
1908-06-01,-24.30947940241893
1908-07-01,-44.673285319980295
1908-08-01,-29.540683678907897
1908-09-01,-32.58105192987705
1908-10-01,36.264861481110664
1908-11-01,28.24186115741839
1908-12-01,61.90301724887615
1909-01-01,42.25755704636512
1909-02-01,30.828324673975672
1909-03-01,-20.617075316901804
1909-04-01,-24.013581885977544
1909-05-01,-66.67910847323948
1909-06-01,-123.23504610978085
1909-07-01,-57.39755727529882
1909-08-01,-43.91217975118026
1909-09-01,4.640915893156034
1909-10-01,43.74102315582291
1909-11-01,11.105675249793832
1909-12-01,32.93302777536492
1910-01-01,46.50991329711141
1910-02-01,22.410252813796376
1910-03-01,10.05660285015707
1910-04-01,-0.006132514853490534
1910-05-01,-53.78508581646423
1910-06-01,-80.75223884088257
1910-07-01,-116.30305969024977
1910-08-01,-79.0036407588498
1910-09-01,42.82409273319924
1910-10-01,41.371273708019615
1910-11-01,47.14715585605642
1910-12-01,17.341917497377608
1911-01-01,47.8863196174523
1911-02-01,54.30637473626766
1911-03-01,11.110974105713218
1911-04-01,-33.438988600679565
1911-05-01,-24.893152108802568
1911-06-01,-19.28055043099775
1911-07-01,-54.22224068761682
1911-08-01,-61.741003242895545
1911-09-01,-8.370876354332225
1911-10-01,29.987937101934083
1911-11-01,6.776570650163686
1911-12-01,17.99555269212103
1912-01-01,111.47821115461731
1912-02-01,16.657625173793313
1912-03-01,1.938014113934564
1912-04-01,-20.180522405555152
1912-05-01,-79.29685668789075
1912-06-01,-111.91069000748837
1912-07-01,-47.79198628580217
1912-08-01,-95.30954614493601
1912-09-01,4.442713688115688
1912-10-01,10.844190217032605
1912-11-01,84.16380241334763
1912-12-01,41.8000001724713
1913-01-01,34.73637272102072
1913-02-01,5.587419565883
1913-03-01,-9.490352049314836
1913-04-01,-70.18496699099842
1913-05-01,-44.48617626416298
1913-06-01,-64.15692027613184
1913-07-01,-98.0962579265738
1913-08-01,-57.930937548164394
1913-09-01,62.653891403240955
1913-10-01,34.52149715237397
1913-11-01,26.956320571484
1913-12-01,73.581816681088
1914-01-01,109.59220019346924
1914-02-01,9.002294213439352
1914-03-01,-5.625518464436837
1914-04-01,-57.20987736920179
1914-05-01,-32.859067338770146
1914-06-01,-84.27620067937713
1914-07-01,-55.529382666270706
1914-08-01,-75.33209764896091
1914-09-01,122.36740145869122
1914-10-01,-14.535160557572254
1914-11-01,33.97177758461754
1914-12-01,14.016792625004811
1915-01-01,16.244334675392636
1915-02-01,35.2243068895936
1915-03-01,22.034928452106456
1915-04-01,9.3951348175369
1915-05-01,-7.537687092820875
1915-06-01,-35.304961566227746
1915-07-01,-27.217486532961658
1915-08-01,-6.878099763829354
1915-09-01,-11.938394889800882
1915-10-01,13.994145740588245
1915-11-01,41.53648094196028
1915-12-01,15.803034264436437
1916-01-01,103.15900668729887
1916-02-01,37.09444934464827
1916-03-01,59.41225707575056
1916-04-01,-57.450143322757995
1916-05-01,-41.12775736418824
1916-06-01,-6.768173393753955
1916-07-01,-2.032293626546391
1916-08-01,-16.074715073606228
1916-09-01,-32.04510280797323
1916-10-01,3.4998521020965008
1916-11-01,75.40350678498132
1916-12-01,34.89561513373903
1917-01-01,70.48203603223112
1917-02-01,7.549270168250013
1917-03-01,18.260672513038923
1917-04-01,-54.081724634915986
1917-05-01,-78.63255362761096
1917-06-01,-39.4006684964253
1917-07-01,-54.36388566213385
1917-08-01,-93.11837819561285
1917-09-01,-10.201519439419272
1917-10-01,14.686619919103762
1917-11-01,50.99443008782927
1917-12-01,33.001244942217596
1918-01-01,43.89073924852704
1918-02-01,24.637208238603094
1918-03-01,9.987310044343857
1918-04-01,-43.05082935032377
1918-05-01,-26.81494181963852
1918-06-01,31.922904248852262
1918-07-01,-87.94738288430415
1918-08-01,-64.22965401944657
1918-09-01,-24.606267528765585
1918-10-01,22.28070954055074
1918-11-01,41.39652232977674
1918-12-01,47.382028580104695
1919-01-01,35.04946586629589
1919-02-01,9.683256375314347
1919-03-01,-5.182203797775102
1919-04-01,-45.1057358306451
1919-05-01,-64.48222744255821
1919-06-01,-80.09932667917425
1919-07-01,-83.97567331185047
1919-08-01,-77.22375896414617
1919-09-01,-21.52229644848211
1919-10-01,34.67746620344277
1919-11-01,32.19303883327676
1919-12-01,26.81966751867825
1920-01-01,35.66977618835793
1920-02-01,7.528223782919024
1920-03-01,6.307516375080716
1920-04-01,-39.92326453792877
1920-05-01,17.33635256509345
1920-06-01,-91.7242705483558
1920-07-01,-99.73065182422192
1920-08-01,-62.90549651351435
1920-09-01,-23.362029758023453
1920-10-01,-6.671342325273905
1920-11-01,14.985558920669947
1920-12-01,45.014590253497715
1921-01-01,35.27331232413751
1921-02-01,11.541124808070478
1921-03-01,25.906468945002757
1921-04-01,-2.241640568710096
1921-05-01,-47.37227968261186
1921-06-01,8.006603570061188
1921-07-01,-97.14650075625545
1921-08-01,-43.78304760091844
1921-09-01,-34.957832247202205
1921-10-01,22.75955018337899
1921-11-01,23.190945603399186
1921-12-01,57.552770681200464
1922-01-01,78.46882269799563
1922-02-01,24.040124385648575
1922-03-01,-23.417257161384924
1922-04-01,-53.93885327007621
1922-05-01,-10.360955957350228
1922-06-01,-49.703328588354736
1922-07-01,-112.05956195156918
1922-08-01,-51.90377967225959
1922-09-01,-42.16264199828906
1922-10-01,6.300438877782298
1922-11-01,22.05804256635799
1922-12-01,42.786408548173625
1923-01-01,29.3743522694744
1923-02-01,0.5345289436060874
1923-03-01,-14.820673091839062
1923-04-01,-6.300265219823871
1923-05-01,9.774601611626935
1923-06-01,-99.49533492216028
1923-07-01,35.2451699235051
1923-08-01,-31.636306538959758
1923-09-01,6.432450568176911
1923-10-01,36.100527082209226
1923-11-01,28.288045336045975
1923-12-01,39.28150242763579
1924-01-01,19.41158679432555
1924-02-01,2.6770718839095373
1924-03-01,-3.8171472167142753
1924-04-01,-59.697301860366466
1924-05-01,-51.31458960833828
1924-06-01,21.397076389702434
1924-07-01,-81.14076489536862
1924-08-01,-60.70196153494709
1924-09-01,36.460689355487986
1924-10-01,19.74147040389102
1924-11-01,31.463773668212383
1924-12-01,56.341960250876774
1925-01-01,42.98417806034152
1925-02-01,29.508672467357652
1925-03-01,2.9290883059643633
1925-04-01,-4.610765631845169
1925-05-01,-102.81403791103277
1925-06-01,-88.9118806760822
1925-07-01,-146.91053912574043
1925-08-01,-70.62729058255039
1925-09-01,-45.406389460501686
1925-10-01,-19.887602909438115
1925-11-01,4.019958668227414
1925-12-01,51.11361930272049
1926-01-01,18.221896604264792
1926-02-01,51.52926517494559
1926-03-01,-18.435000871736143
1926-04-01,-32.68699861820545
1926-05-01,-116.96855913005663
1926-06-01,-29.427291702365594
1926-07-01,-44.71190648428173
1926-08-01,-66.40606949248512
1926-09-01,-36.35963026252065
1926-10-01,-9.002193694980548
1926-11-01,44.208562692341
1926-12-01,54.749215763590094
1927-01-01,19.3934171699161
1927-02-01,46.426900470640746
1927-03-01,-1.2913750519385232
1927-04-01,-32.727840719374015
1927-05-01,-54.09168646116166
1927-06-01,-19.016981794474333
1927-07-01,-55.278619024251554
1927-08-01,-104.7009857920298
1927-09-01,-46.49323301696728
1927-10-01,35.477809069508325
1927-11-01,25.987217934738652
1927-12-01,83.29020461523208
1928-01-01,21.540947954716085
1928-02-01,50.951784726473036
1928-03-01,-8.542978961321204
1928-04-01,-37.5655358361151
1928-05-01,-116.27816642255948
1928-06-01,-48.92286841584446
1928-07-01,-136.06537604738867
1928-08-01,-41.54005034969592
1928-09-01,-5.053737168990736
1928-10-01,0.4652196840547589
1928-11-01,19.01644973420653
1928-12-01,25.82893280338467
1929-01-01,57.16003519433544
1929-02-01,34.419854955340284
1929-03-01,-2.939113846990452
1929-04-01,-29.720770224806245
1929-05-01,-6.07076255871425
1929-06-01,-27.250733720711708
1929-07-01,-107.436217539984
1929-08-01,-68.60700862862076
1929-09-01,-8.65317386209113
1929-10-01,10.21021760231385
1929-11-01,17.639786209105207
1929-12-01,32.93784066700236
1930-01-01,53.510131189563516
1930-02-01,46.305721516533104
1930-03-01,48.10348420318682
1930-04-01,-9.865904418469583
1930-05-01,-74.52089621472766
1930-06-01,-26.721081088594147
1930-07-01,-19.02589282478887
1930-08-01,-41.064519202567496
1930-09-01,-24.029837477725636
1930-10-01,-28.02122359039692
1930-11-01,37.95537082722991
1930-12-01,21.619478766002313
1931-01-01,4.239049210802724
1931-02-01,42.77436829271156
1931-03-01,-11.610286168545976
1931-04-01,-36.493334825861055
1931-05-01,-57.737763000012535
1931-06-01,-114.54578489908613
1931-07-01,-104.20683080116447
1931-08-01,-57.245366463007656
1931-09-01,0.3002416538464061
1931-10-01,-8.000235996517262
1931-11-01,44.59134638965902
1931-12-01,14.749290642681583
1932-01-01,21.250160286524142
1932-02-01,-7.4608200207008775
1932-03-01,-16.45369397953956
1932-04-01,-53.217382414077335
1932-05-01,-49.42708552263689
1932-06-01,-7.826415333310933
1932-07-01,-133.34149144536127
1932-08-01,12.467914988823566
1932-09-01,-9.980462220079858
1932-10-01,-6.215865353697474
1932-11-01,49.937375275580514
1932-12-01,29.89503127193957
1933-01-01,58.03946552959462
1933-02-01,17.524032894732322
1933-03-01,0.5971697672379577
1933-04-01,-61.57905426458585
1933-05-01,27.035826088245642
1933-06-01,-39.290775180094045
1933-07-01,-60.99861285859376
1933-08-01,26.288475844405
1933-09-01,-28.65461686031213
1933-10-01,-30.67998930550995
1933-11-01,55.7182111371346
1933-12-01,32.5474486642229
1934-01-01,57.94638036135099
1934-02-01,45.721587540319504
1934-03-01,65.90040558873935
1934-04-01,-18.941633584610713
1934-05-01,-60.96269223446343
1934-06-01,-95.91023719018528
1934-07-01,-46.76309749917198
1934-08-01,-51.76691442773824
1934-09-01,-13.827677867398563
1934-10-01,-19.45805861187938
1934-11-01,23.225367425674627
1934-12-01,24.87716479292699
1935-01-01,29.06699548417906
1935-02-01,63.44274189846185
1935-03-01,0.5208841527699875
1935-04-01,-23.64369979167347
1935-05-01,-82.33444354852286
1935-06-01,-12.265389003013539
1935-07-01,-97.6889065299608
1935-08-01,-65.91782723450437
1935-09-01,-2.5418929796770158
1935-10-01,42.232137285989545
1935-11-01,29.259858250424355
1935-12-01,14.313459349964432
1936-01-01,87.97895709158625
1936-02-01,29.587411815380424
1936-03-01,-13.553777650425666
1936-04-01,11.23141925751986
1936-05-01,-39.872201661481796
1936-06-01,-11.697532289156385
1936-07-01,-79.49844165011169
1936-08-01,-86.19600304891355
1936-09-01,-17.922335479395564
1936-10-01,-0.26105127082180246
1936-11-01,51.81976529380195
1936-12-01,36.16493624197915
1937-01-01,51.689674883297315
1937-02-01,-11.878062483752487
1937-03-01,-8.630623363666835
1937-04-01,-21.992655350681503
1937-05-01,-5.913741606384235
1937-06-01,-16.939293711132095
1937-07-01,-109.54892016403554
1937-08-01,-61.53652642533227
1937-09-01,-41.9222070608798
1937-10-01,2.4859253517835924
1937-11-01,9.107310985544833
1937-12-01,52.9465305432104
1938-01-01,32.18690818278055
1938-02-01,7.605808682619971
1938-03-01,16.360940057452957
1938-04-01,-39.289543309265724
1938-05-01,-57.91970296189638
1938-06-01,-37.862331439247455
1938-07-01,-85.6597834444228
1938-08-01,-104.9820925681748
1938-09-01,-14.3992513444636
1938-10-01,69.56888808882533
1938-11-01,22.843152800760947
1938-12-01,61.28274389373753
1939-01-01,7.709512847032139
1939-02-01,6.2862376130717355
1939-03-01,-17.646486019414866
1939-04-01,-20.378421659821228
1939-05-01,-130.5994922065281
1939-06-01,-21.08995108744095
1939-07-01,-72.36531429123059
1939-08-01,-115.47954226733394
1939-09-01,-1.2530513922815771
1939-10-01,4.678110391339171
1939-11-01,58.03248471710379
1939-12-01,82.89706644626953
1940-01-01,92.10721403349815
1940-02-01,7.184035850472254
1940-03-01,21.131559586331253
1940-04-01,-24.774679209389205
1940-05-01,29.398657511876905
1940-06-01,-78.97219887961307
1940-07-01,-46.10717377843143
1940-08-01,-43.43970191227878
1940-09-01,-8.350897752512246
1940-10-01,-11.59666678052059
1940-11-01,67.29122363213025
1940-12-01,19.624910663663275
1941-01-01,63.14026491735737
1941-02-01,27.136343931753252
1941-03-01,-2.8980510744193424
1941-04-01,-36.58376159347381
1941-05-01,-98.26274309033447
1941-06-01,-86.62218126460277
1941-07-01,-53.3260487636542
1941-08-01,-77.78878520412539
1941-09-01,-11.301638991294666
1941-10-01,5.298551188539861
1941-11-01,25.36758796551321
1941-12-01,52.52980737709599
1942-01-01,52.65270493751651
1942-02-01,39.82012361506528
1942-03-01,-11.996311613330889
1942-04-01,-54.85449431846317
1942-05-01,-78.69365040748588
1942-06-01,-41.890086451785834
1942-07-01,-84.10147070808355
1942-08-01,-20.91358109771997
1942-09-01,-24.09472624478174
1942-10-01,-4.801521164478547
1942-11-01,38.567486827125904
1942-12-01,28.30691832999555
1943-01-01,26.67625833131508
1943-02-01,5.396826767718032
1943-03-01,31.74219439202391
1943-04-01,-49.11320864405468
1943-05-01,-54.18878658945306
1943-06-01,-30.63903969739134
1943-07-01,-27.212962808723418
1943-08-01,0.5147590296598565
1943-09-01,-0.0682299281082166
1943-10-01,26.31001952612307
1943-11-01,15.43816357675579
1943-12-01,53.204218642029986
1944-01-01,33.76862813500818
1944-02-01,30.77941529511739
1944-03-01,-15.753708065336191
1944-04-01,-63.30112451577469
1944-05-01,-72.88710208974808
1944-06-01,-119.62253676127611
1944-07-01,-105.73862125852591
1944-08-01,-64.64528107980307
1944-09-01,-59.014694840413796
1944-10-01,-2.6163067307720524
1944-11-01,17.46769964420029
1944-12-01,53.4774113123322
1945-01-01,133.13885288012364
1945-02-01,63.66592594313978
1945-03-01,6.381046919790101
1945-04-01,-21.048054955280122
1945-05-01,-34.72655902269851
1945-06-01,25.434420689802877
1945-07-01,-53.69703699024387
1945-08-01,-17.83034811093097
1945-09-01,-20.50102946815906
1945-10-01,14.10482809315705
1945-11-01,5.256632178536849
1945-12-01,68.53277606819725
1946-01-01,11.120680829092931
1946-02-01,58.07702677526147
1946-03-01,35.94914508444912
1946-04-01,-40.366767608834465
1946-05-01,-59.00065890393681
1946-06-01,-2.995997490361219
1946-07-01,-133.40949640388277
1946-08-01,-39.3018861069509
1946-09-01,12.651465064459344
1946-10-01,-12.112958790689362
1946-11-01,47.220430283424264
1946-12-01,51.72731952909331
1947-01-01,18.994382766746952
1947-02-01,40.285730586650885
1947-03-01,-4.101666480712595
1947-04-01,-37.6079560047874
1947-05-01,-88.50303109977197
1947-06-01,4.85961242737207
1947-07-01,-97.97192219723328
1947-08-01,-32.067076153343194
1947-09-01,-46.394718889961425
1947-10-01,-3.8491504743048566
1947-11-01,50.91506016517737
1947-12-01,19.00699126500712
1948-01-01,53.709634164270206
1948-02-01,26.779206057150947
1948-03-01,7.339220141937588
1948-04-01,-56.352245389769536
1948-05-01,-80.09413742447163
1948-06-01,-58.704162884520045
1948-07-01,-43.60889959463641
1948-08-01,9.440028729585677
1948-09-01,43.57631210664722
1948-10-01,-14.820487423884408
1948-11-01,51.38092277189594
1948-12-01,45.23660437241228
1949-01-01,64.23832010563446
1949-02-01,48.95457642331394
1949-03-01,-8.33121865860885
1949-04-01,-50.615382823421456
1949-05-01,-85.62715163001427
1949-06-01,-29.689000438211778
1949-07-01,-32.47853460110362
1949-08-01,-51.02825312518203
1949-09-01,-14.451406697608448
1949-10-01,-18.097650244585633
1949-11-01,25.912370014724978
1949-12-01,47.306094572391494
1950-01-01,56.888645156196276
1950-02-01,35.182722032989474
1950-03-01,-3.4035143301316637
1950-04-01,-48.37184895173294
1950-05-01,-17.793746828553978
1950-06-01,-31.284213066068844
1950-07-01,-22.694512865382478
1950-08-01,-80.10305523386617
1950-09-01,9.190979892851047
1950-10-01,44.07437113705304
1950-11-01,54.0717122700807
1950-12-01,27.51776807375809
1951-01-01,40.54240965959532
1951-02-01,-2.5345186184433466
1951-03-01,11.69360006037428
1951-04-01,-57.69052012858245
1951-05-01,-25.494800600934767
1951-06-01,-7.107988452583953
1951-07-01,-28.85073564689833
1951-08-01,-77.50239430664391
1951-09-01,14.222260789602686
1951-10-01,26.96368576260779
1951-11-01,28.39285573849899
1951-12-01,69.47733597104148
1952-01-01,28.333806291577844
1952-02-01,7.228461356296091
1952-03-01,-5.865558073336196
1952-04-01,-43.237549524861876
1952-05-01,-48.69881908044161
1952-06-01,-103.34386517375557
1952-07-01,-157.54356927813646
1952-08-01,-4.857387215640657
1952-09-01,-8.573393266711001
1952-10-01,-8.660725667228132
1952-11-01,2.3567750734368165
1952-12-01,23.898691997152824
1953-01-01,28.939106886272825
1953-02-01,7.177993733572377
1953-03-01,-2.390298886468557
1953-04-01,-31.306098387680137
1953-05-01,-87.96622670516436
1953-06-01,-67.21243514333986
1953-07-01,-72.49109439025085
1953-08-01,-12.822847421974814
1953-09-01,10.1424590495918
1953-10-01,-24.780651627936535
1953-11-01,21.82054513264798
1953-12-01,84.48165215622099
1954-01-01,52.85491379454831
1954-02-01,29.4054949942972
1954-03-01,19.546768172163638
1954-04-01,-10.33988371638658
1954-05-01,-25.677859435857883
1954-06-01,-78.09819875889858
1954-07-01,-56.47285763948865
1954-08-01,-25.961639777752595
1954-09-01,-30.992412976609614
1954-10-01,35.3686786436105
1954-11-01,59.01365732834933
1954-12-01,83.27535922569378
1955-01-01,32.04544770908636
1955-02-01,62.48228662424342
1955-03-01,-0.021372592206105878
1955-04-01,-30.172021405078027
1955-05-01,-20.07823186801963
1955-06-01,-33.31663876414582
1955-07-01,-98.27898071200758
1955-08-01,-46.006096161394694
1955-09-01,-15.690701265154324
1955-10-01,7.332044494395504
1955-11-01,11.387414337048435
1955-12-01,63.76599237162232
1956-01-01,28.11198130517647
1956-02-01,0.8374109413705977
1956-03-01,0.6066932932842093
1956-04-01,7.299058244822035
1956-05-01,-82.65461485752525
1956-06-01,-96.61446601435011
1956-07-01,-86.26749727599235
1956-08-01,-72.80473036563734
1956-09-01,-16.126545955947826
1956-10-01,10.007969915360928
1956-11-01,4.949848189320605
1956-12-01,45.53893464031833
1957-01-01,64.75133845210281
1957-02-01,14.001228222500863
1957-03-01,5.538749410596942
1957-04-01,-48.646368157628444
1957-05-01,-46.29671390120889
1957-06-01,40.650494538315485
1957-07-01,-74.94894092550228
1957-08-01,-23.71558442034548
1957-09-01,-15.735957798605021
1957-10-01,-9.618824959432754
1957-11-01,9.712747572528885
1957-12-01,31.764192448779863
1958-01-01,51.4348972699709
1958-02-01,5.710959503545851
1958-03-01,-1.8920211147261554
1958-04-01,-10.221407428315743
1958-05-01,-39.84145398247378
1958-06-01,-90.03052110092757
1958-07-01,-30.605917105334072
1958-08-01,10.551177607247638
1958-09-01,-35.225801133636466
1958-10-01,14.866640444989748
1958-11-01,59.34914602258522
1958-12-01,72.29248681665105
1959-01-01,40.43663416111269
1959-02-01,16.617360057392187
1959-03-01,3.385693601154898
1959-04-01,-45.715182880402324
1959-05-01,-60.43058570457406
1959-06-01,-21.40867259848808
1959-07-01,-73.06200215447132
1959-08-01,-46.69219348258464
1959-09-01,-28.24882632409627
1959-10-01,8.362197151568836
1959-11-01,18.681382151115695
1959-12-01,56.32303636257106
1960-01-01,51.68853599346937
1960-02-01,47.10287697280369
1960-03-01,-23.390362513888462
1960-04-01,-46.50681018497714
1960-05-01,-68.64055948503848
1960-06-01,-33.78310339405918
1960-07-01,-125.03375546535142
1960-08-01,-98.74237493639072
1960-09-01,-7.836979265875399
1960-10-01,13.583996615700542
1960-11-01,20.09310956797539
1960-12-01,26.955727752992637
1961-01-01,18.609157109506683
1961-02-01,17.372798893990336
1961-03-01,-35.220218251494735
1961-04-01,1.395480089382275
1961-05-01,-24.013421817337274
1961-06-01,-109.79901539754567
1961-07-01,-74.19065589954931
1961-08-01,-75.28472069495429
1961-09-01,-48.1174690682186
1961-10-01,30.831051918351825
1961-11-01,14.861262919337992
1961-12-01,19.942162727083783
1962-01-01,42.0821658722679
1962-02-01,3.31319572428448
1962-03-01,-1.8159634544961847
1962-04-01,-67.61631137386401
1962-05-01,-41.685389941350394
1962-06-01,-78.21501605818098
1962-07-01,-120.35610013038996
1962-08-01,-4.931133104213913
1962-09-01,63.28904016541865
1962-10-01,-10.063375250007336
1962-11-01,52.356176817563345
1962-12-01,31.421295126596615
1963-01-01,40.40371060737139
1963-02-01,-2.437938011489223
1963-03-01,-10.891663059426321
1963-04-01,-34.52636264462838
1963-05-01,-36.54924230103302
1963-06-01,-84.57006988699678
1963-07-01,-15.248926632484867
1963-08-01,-79.35493487784444
1963-09-01,13.882567498337046
1963-10-01,18.883677220290938
1963-11-01,40.02647498172333
1963-12-01,59.136990596891366
1964-01-01,17.375338229738777
1964-02-01,9.80092064650323
1964-03-01,52.14659083734386
1964-04-01,-36.441948358363604
1964-05-01,-30.496426318431446
1964-06-01,-14.592437653560495
1964-07-01,-70.28382149547025
1964-08-01,-56.121718600629904
1964-09-01,-18.986014943517297
1964-10-01,-6.344246565492632
1964-11-01,55.92699700312515
1964-12-01,31.655747315147234
1965-01-01,16.236926324974313
1965-02-01,19.564713516815964
1965-03-01,2.386289152419902
1965-04-01,-63.546610467082544
1965-05-01,-73.2943156297784
1965-06-01,-35.777797071503585
1965-07-01,-54.895813293650846
1965-08-01,-85.15566540362995
1965-09-01,-35.153810885539045
1965-10-01,-26.412119928668027
1965-11-01,59.789907382121626
1965-12-01,33.07626857149566
1966-01-01,13.035550512473746
1966-02-01,-2.3412388413333165
1966-03-01,18.65026466626132
1966-04-01,-36.046467995398416
1966-05-01,-22.5660806371735
1966-06-01,-85.56653812888334
1966-07-01,-109.8324501927599
1966-08-01,-88.2913949916638
1966-09-01,-34.729828366145824
1966-10-01,6.403843325816517
1966-11-01,31.633265342836072
1966-12-01,3.566027005982284
1967-01-01,24.35181446775233
1967-02-01,36.957489068410396
1967-03-01,12.633548247642132
1967-04-01,-23.766515155807483
1967-05-01,-62.70154020817404
1967-06-01,-59.10903670177649
1967-07-01,-136.44042419562265
1967-08-01,-94.83946953255199
1967-09-01,-18.796874468750133
1967-10-01,14.119364828988843
1967-11-01,29.555316450013024
1967-12-01,28.863895151969707
1968-01-01,29.509819893372338
1968-02-01,30.911656165303857
1968-03-01,-9.293461748039562
1968-04-01,-54.93799490904932
1968-05-01,-48.58552135189572
1968-06-01,-84.3868649148065
1968-07-01,-31.017392648055917
1968-08-01,-89.73410713306967
1968-09-01,-69.46016455042033
1968-10-01,25.44220847915949
1968-11-01,18.72710519107862
1968-12-01,5.024426240025004
1969-01-01,70.37141202402232
1969-02-01,38.622682486436844
1969-03-01,-15.311756722424313
1969-04-01,-54.04006412772243
1969-05-01,-22.388539683586743
1969-06-01,0.02764560990875964
1969-07-01,-93.84920876452505
1969-08-01,-81.54445377516147
1969-09-01,-49.82598552158336
1969-10-01,-18.68838254650811
1969-11-01,86.146056039586
1969-12-01,48.038097147874545
1970-01-01,25.19309464416864
1970-02-01,5.861267998230222
1970-03-01,0.41878658014439907
1970-04-01,-28.98345550099863
1970-05-01,-10.595544407869895
1970-06-01,-33.68621205439257
1970-07-01,-93.34504781798421
1970-08-01,-0.25094198705642157
1970-09-01,-13.03884325118193
1970-10-01,45.604162984435895
1970-11-01,44.06149567918378
1970-12-01,32.06881995655327
1971-01-01,10.134062098991215
1971-02-01,7.768555889513468
1971-03-01,2.617641269235307
1971-04-01,-30.029705787864174
1971-05-01,-63.96826503626228
1971-06-01,-73.39094629927712
1971-07-01,-26.812689752259615
1971-08-01,-46.15604533563362
1971-09-01,-17.44318431532703
1971-10-01,13.891938690165503
1971-11-01,33.62105976991788
1971-12-01,49.3251207420294
1972-01-01,127.64619863576121
1972-02-01,-7.925085139483638
1972-03-01,10.185561456573282
1972-04-01,-26.525729787685364
1972-05-01,-13.23371248945513
1972-06-01,-70.00635550928715
1972-07-01,-22.072124787003702
1972-08-01,-115.07362115372214
1972-09-01,-30.34332194265096
1972-10-01,27.63875446293796
1972-11-01,13.82439324827768
1972-12-01,33.73066172604005
1973-01-01,52.58620252090848
1973-02-01,24.833188996194803
1973-03-01,-21.262100651593435
1973-04-01,-45.66996921420633
1973-05-01,-60.285321602081666
1973-06-01,-27.474505169412765
1973-07-01,-31.70042725761367
1973-08-01,-80.27055655336335
1973-09-01,-10.964350275891078
1973-10-01,71.85602877416568
1973-11-01,11.418965612206673
1973-12-01,54.203113252448
1974-01-01,13.075023752308653
1974-02-01,38.820223700358945
1974-03-01,-21.03624082796665
1974-04-01,-34.08522655315677
1974-05-01,-90.55584352097011
1974-06-01,-80.33836450656895
1974-07-01,-97.16234869442692
1974-08-01,-83.44192588350363
1974-09-01,-9.503516237880447
1974-10-01,1.149984307121997
1974-11-01,-0.8909913009830976
1974-12-01,58.637435855998554
1975-01-01,37.70550770361849
1975-02-01,39.609869202154535
1975-03-01,21.95213339292539
1975-04-01,-64.00203405991891
1975-05-01,2.805866512847672
1975-06-01,-31.9208121961168
1975-07-01,-62.66913021396704
1975-08-01,-76.72718202468405
1975-09-01,-22.849567745548015
1975-10-01,46.23032863773474
1975-11-01,18.775036158306
1975-12-01,0.41623027799759527
1976-01-01,21.650880781258817
1976-02-01,30.606131568578107
1976-03-01,-16.916654937813945
1976-04-01,-58.9509557045679
1976-05-01,-10.115843351216952
1976-06-01,-36.418990238290576
1976-07-01,-136.91195179829683
1976-08-01,-92.38725363231096
1976-09-01,-7.6283491946038
1976-10-01,17.82013600291323
1976-11-01,43.167404014202006
1976-12-01,52.17310263986196
1977-01-01,39.1520243062606
1977-02-01,44.333226491360605
1977-03-01,44.58634431759929
1977-04-01,2.9743412649836074
1977-05-01,-75.18919070230307
1977-06-01,-27.889562477262913
1977-07-01,-51.53406582817303
1977-08-01,-75.4466764084079
1977-09-01,-3.6585596102812303
1977-10-01,-11.856192385783004
1977-11-01,56.0898983908174
1977-12-01,37.946064734665086
1978-01-01,79.25134058971653
1978-02-01,47.44591025406731
1978-03-01,7.992493557433164
1978-04-01,-19.584385770665975
1978-05-01,-14.45833729841101
1978-06-01,-94.00242151320732
1978-07-01,-55.32747322755495
1978-08-01,-129.5914838873564
1978-09-01,-35.06412366732174
1978-10-01,25.623367225766973
1978-11-01,32.95083786236191
1978-12-01,57.17052878554033
1979-01-01,40.951423551198204
1979-02-01,20.614830981545545
1979-03-01,-5.137915946013589
1979-04-01,-42.36953932201606
1979-05-01,-83.75140536290384
1979-06-01,-75.21097604575522
1979-07-01,-76.82304662231597
1979-08-01,-86.06765960761676
1979-09-01,-17.80138944433095
1979-10-01,4.4883682259064415
1979-11-01,0.33517964599704086
1979-12-01,35.7206741037863
1980-01-01,32.966899483259986
1980-02-01,56.33953056504991
1980-03-01,-26.511526750250795
1980-04-01,-28.130158244132943
1980-05-01,-38.06389071284684
1980-06-01,-85.31646019870621
1980-07-01,-14.426325557336327
1980-08-01,-19.244988339918805
1980-09-01,-17.78340851978985
1980-10-01,-6.623967727032664
1980-11-01,46.756404813654335
1980-12-01,53.09092170171942
1981-01-01,63.878375073832494
1981-02-01,33.495720200484946
1981-03-01,12.51385925126543
1981-04-01,-53.547335856684256
1981-05-01,-57.87708166733536
1981-06-01,-72.5045880312913
1981-07-01,-108.23698872730847
1981-08-01,-39.305045447616266
1981-09-01,-32.47374068903103
1981-10-01,54.04388586628419
1981-11-01,13.397037854695686
1981-12-01,89.51954925278385
1982-01-01,35.213197786069394
1982-02-01,37.05672593352422
1982-03-01,-11.085743069466844
1982-04-01,-34.3314176577929
1982-05-01,-67.609617090184
1982-06-01,-92.80836940979398
1982-07-01,-43.74564995837805
1982-08-01,-30.311145318869677
1982-09-01,27.63156189994031
1982-10-01,-4.219508597909524
1982-11-01,42.55067571203932
1982-12-01,3.080622505905981
1983-01-01,12.580406031822376
1983-02-01,90.36803884052577
1983-03-01,17.69427477835704
1983-04-01,-26.217288563742244
1983-05-01,-74.23287154478328
1983-06-01,-63.60180815162252
1983-07-01,-78.87457756035157
1983-08-01,-18.82560808761663
1983-09-01,-6.025423441642872
1983-10-01,20.98947982194565
1983-11-01,18.651239502814164
1983-12-01,34.41885165097616
1984-01-01,78.65574189982496
1984-02-01,18.933783806748522
1984-03-01,37.924767984412775
1984-04-01,-16.52804813887589
1984-05-01,-67.33446727711129
1984-06-01,-29.897363555738195
1984-07-01,9.893666950373955
1984-08-01,-38.40673506254822
1984-09-01,-34.825041215680926
1984-10-01,-22.894677828748833
1984-11-01,15.830344958063966
1984-12-01,42.764397634084105
1985-01-01,25.457676694333955
1985-02-01,19.119955379845607
1985-03-01,7.910072496918211
1985-04-01,-46.32714924928831
1985-05-01,-55.01524470720325
1985-06-01,-63.52313436337886
1985-07-01,-111.77133621327087
1985-08-01,-91.87828460361786
1985-09-01,-30.100450959434298
1985-10-01,-7.729919172719292
1985-11-01,83.67324457493999
1985-12-01,40.433615818547565
1986-01-01,101.33775345911648
1986-02-01,40.455526196940895
1986-03-01,9.04911719525709
1986-04-01,1.2209380273143395
1986-05-01,-39.70245687487555
1986-06-01,-29.966226030165814
1986-07-01,-98.15558876367939
1986-08-01,6.493168379160764
1986-09-01,20.22538113660297
1986-10-01,-9.68444243746934
1986-11-01,18.26449214449311
1986-12-01,36.24442730327681
1987-01-01,43.22359894136453
1987-02-01,47.22772074421534
1987-03-01,52.13786799460405
1987-04-01,-40.22901583980109
1987-05-01,-51.40758017371361
1987-06-01,-59.53471776874933
1987-07-01,-25.10011050306929
1987-08-01,-42.15644900696972
1987-09-01,-32.2429332547659
1987-10-01,16.594971874877796
1987-11-01,41.84743065620616
1987-12-01,39.30204837210951
1988-01-01,50.422299927484175
1988-02-01,35.37587144302972
1988-03-01,9.617765991634165
1988-04-01,-15.281931863500247
1988-05-01,-82.93812878262898
1988-06-01,-63.938106621565936
1988-07-01,-98.23732389208118
1988-08-01,-70.65923567703075
1988-09-01,-14.847937735395703
1988-10-01,92.64735459071431
1988-11-01,-4.589497214044915
1988-12-01,12.895734807767209
1989-01-01,3.6984035533921116
1989-02-01,2.1064564236634205
1989-03-01,-18.301921252885258
1989-04-01,-41.042382873333935
1989-05-01,-108.55971079158383
1989-06-01,-70.39081387282226
1989-07-01,-1.0856033781371366
1989-08-01,-33.19747024595992
1989-09-01,-41.87735211256977
1989-10-01,-0.7177013889135822
1989-11-01,27.120627052781245
1989-12-01,20.459062533989858
1990-01-01,36.031320057369
1990-02-01,14.333263464520277
1990-03-01,10.870564713740961
1990-04-01,-19.69364537806868
1990-05-01,-47.86124351316994
1990-06-01,-36.131184927433324
1990-07-01,-60.70439716933673
1990-08-01,-58.540484438504265
1990-09-01,17.665358220232527
1990-10-01,27.888044281377905
1990-11-01,39.36232591766125
1990-12-01,55.06277504766654
1991-01-01,48.09876701432529
1991-02-01,13.042625768636077
1991-03-01,-6.866543740213288
1991-04-01,-30.463611981867352
1991-05-01,-59.79767869085812
1991-06-01,-9.057960386620152
1991-07-01,-109.98743650793045
1991-08-01,-100.8039993220607
1991-09-01,-0.25481581983106594
1991-10-01,27.63939591230497
1991-11-01,42.02762450804402
1991-12-01,37.20552220884605
1992-01-01,73.29354391081465
1992-02-01,7.928172806395853
1992-03-01,-5.087434021403151
1992-04-01,-41.07659481511452
1992-05-01,-42.85210101918253
1992-06-01,-90.41783075301404
1992-07-01,-83.06784294453507
1992-08-01,-30.883881696683545
1992-09-01,-5.428616980374322
1992-10-01,13.111339273695421
1992-11-01,14.683541494232069
1992-12-01,56.81644976515939
1993-01-01,5.315080817199172
1993-02-01,18.14601426091939
1993-03-01,-7.347607726842256
1993-04-01,-31.71969296511631
1993-05-01,-98.35848974849681
1993-06-01,-68.45816635324937
1993-07-01,-73.00502123552039
1993-08-01,-109.44978299822482
1993-09-01,9.906783872380615
1993-10-01,3.3247558610049808
1993-11-01,57.00718171729244
1993-12-01,33.89669493719787
1994-01-01,44.94190362637433
1994-02-01,13.414816210141836
1994-03-01,57.63158361534378
1994-04-01,-36.16905579509892
1994-05-01,-11.41632145656456
1994-06-01,-105.95675700806802
1994-07-01,-122.12622914801528
1994-08-01,-2.1952792540887742
1994-09-01,-11.216375317784724
1994-10-01,54.08741035959841
1994-11-01,34.66362755374217
1994-12-01,53.559430566689834
1995-01-01,38.44033618602424
1995-02-01,-5.3685981969864685
1995-03-01,-5.875806372115257
1995-04-01,5.379673437103378
1995-05-01,-63.93568309490968
1995-06-01,-105.99843755401304
1995-07-01,3.9147349919791736
1995-08-01,-25.586019098609498
1995-09-01,-1.105447476912886
1995-10-01,10.227832599201928
1995-11-01,44.65893188279067
1995-12-01,48.24303611368771
1996-01-01,50.28524405212996
1996-02-01,46.69544220934057
1996-03-01,2.218688585421482
1996-04-01,-56.21560225725359
1996-05-01,-58.45470263744927
1996-06-01,-72.76179796943201
1996-07-01,-39.28056601676066
1996-08-01,-45.77665981570526
1996-09-01,-29.98088414005771
1996-10-01,11.805028134891138
1996-11-01,53.9718542892762
1996-12-01,44.732925453252264
1997-01-01,6.7635811593852
1997-02-01,17.78026080266616
1997-03-01,1.311411018532148
1997-04-01,-88.75519114802272
1997-05-01,-107.81428325641303
1997-06-01,-2.9577997201105717
1997-07-01,-38.07830078070482
1997-08-01,1.9138693255733301
1997-09-01,-7.781355540591278
1997-10-01,0.40305099604146477
1997-11-01,74.24831216546983
1997-12-01,50.56885826338368
1998-01-01,25.01222086245295
1998-02-01,-11.21944837158609
1998-03-01,43.106925273160215
1998-04-01,-47.18331992171244
1998-05-01,-56.75808495559522
1998-06-01,-20.491829305800024
1998-07-01,-63.57225709537961
1998-08-01,-48.93793253865741
1998-09-01,-19.28328802574586
1998-10-01,26.238990510391083
1998-11-01,32.91957597036685
1998-12-01,58.56140659590963
1999-01-01,29.794505141105034
1999-02-01,40.53556994860859
1999-03-01,-15.682462311438343
1999-04-01,-49.97954043213899
1999-05-01,-34.11099386743392
1999-06-01,-5.7096585721482285
1999-07-01,-76.36586059644358
1999-08-01,-56.99162570150793
1999-09-01,6.430704144338229
1999-10-01,-5.303395738061287
1999-11-01,23.990470558272328
1999-12-01,32.435542213604286
2000-01-01,70.33759008139707
2000-02-01,63.92463414113232
2000-03-01,-3.623002281004119
2000-04-01,-38.39833049436402
2000-05-01,5.923233856051908
2000-06-01,-72.97354615603236
2000-07-01,-58.04623891851139
2000-08-01,-62.54275204615996
2000-09-01,-13.977572607386307
2000-10-01,-13.407077644465623
2000-11-01,53.184922760834766
2000-12-01,50.35851318931135
2001-01-01,30.825106986071443
2001-02-01,32.00635491311108
2001-03-01,10.129520056863548
2001-04-01,-60.45649522515356
2001-05-01,-45.38834418256967
2001-06-01,17.709953139650622
2001-07-01,-99.74246185623412
2001-08-01,-67.69842010332648
2001-09-01,-40.02752157632922
2001-10-01,-5.053263006224647
2001-11-01,70.78267214887472
2001-12-01,99.52600375572256
2002-01-01,28.759770779284825
2002-02-01,59.86789487960342
2002-03-01,-7.304584851150366
2002-04-01,9.710551507537062
2002-05-01,-52.61844640779229
2002-06-01,-57.52230100715953
2002-07-01,-65.09970064674408
2002-08-01,-47.31807346827567
2002-09-01,-5.8221800785418765
2002-10-01,26.478799842359663
2002-11-01,42.26692904055932
2002-12-01,78.7942434376645
2003-01-01,17.437277760225847
2003-02-01,42.01226560233991
2003-03-01,28.3151809220754
2003-04-01,-36.776966679040044
2003-05-01,-5.281244932009159
2003-06-01,-94.10481272382613
2003-07-01,-50.823547154458964
2003-08-01,-61.29572386989207
2003-09-01,4.749682165667096
2003-10-01,23.10188960705888
2003-11-01,24.342255574873292
2003-12-01,80.81432605057024
2004-01-01,32.47861875328515
2004-02-01,-10.024310960482188
2004-03-01,-17.05448599600929
2004-04-01,-48.78264029348351
2004-05-01,-62.094649075416726
2004-06-01,-93.96992398276956
2004-07-01,-104.06218617856754
2004-08-01,-34.17424739532598
2004-09-01,-37.67597297482388
2004-10-01,-10.523626730189498
2004-11-01,45.54390010774491
2004-12-01,44.06924225126171
2005-01-01,16.98309935778216
2005-02-01,8.355942482139785
2005-03-01,-28.74213187094066
2005-04-01,-57.11219472176653
2005-05-01,-68.40012899386609
2005-06-01,-75.36230261224478
2005-07-01,-8.52843443867232
2005-08-01,-49.21481072310459
2005-09-01,-11.000256258719823
2005-10-01,-4.64311541779324
2005-11-01,18.563907592368494
2005-12-01,82.15921133285879
2006-01-01,83.36729797949555
2006-02-01,-0.7579169239117292
2006-03-01,9.073308769459679
2006-04-01,-35.71007469631209
2006-05-01,-10.274433698003051
2006-06-01,-39.92267183114815
2006-07-01,-92.74986883387504
2006-08-01,-61.191409396314924
2006-09-01,3.024893527850111
2006-10-01,9.905274324077467
2006-11-01,16.640305850634583
2006-12-01,39.961180270148134
2007-01-01,41.07925013863145
2007-02-01,50.475230617087
2007-03-01,-17.32685416249342
2007-04-01,-27.683868050108288
2007-05-01,-96.58297371088241
2007-06-01,-55.80416433986372
2007-07-01,-49.34626624843506
2007-08-01,-45.33860723839021
2007-09-01,-34.44187263512221
2007-10-01,-11.188693871666224
2007-11-01,18.02521193749415
2007-12-01,75.96389038190944
2008-01-01,45.896744053179795
2008-02-01,9.419072099174194
2008-03-01,7.099847845348009
2008-04-01,-35.71990274535831
2008-05-01,-87.45082655331218
2008-06-01,-65.41688780286987
2008-07-01,-129.93658111004578
2008-08-01,-77.32028593599654
2008-09-01,-64.55439809510656
2008-10-01,-16.445126362460307
2008-11-01,63.888553270623355
2008-12-01,78.00184796382719
2009-01-01,38.523529871924815
2009-02-01,8.260259090945452
2009-03-01,29.1207833867622
2009-04-01,0.4936020891687889
2009-05-01,-32.618083058529734
2009-06-01,-53.24351851222299
2009-07-01,-140.38892462416933
2009-08-01,-109.06042152033172
2009-09-01,-65.93750740258531
2009-10-01,2.796200288995628
2009-11-01,56.83727287598488
2009-12-01,57.52068223238151
2010-01-01,37.308316042749716
2010-02-01,39.739159771878334
2010-03-01,11.951155152773921
2010-04-01,0.9918789898829061
2010-05-01,-105.60988425283139
2010-06-01,-65.88748328715907
2010-07-01,-72.74653150131195
2010-08-01,-69.70475632331467
2010-09-01,-55.185367910763716
2010-10-01,51.193455034634894
2010-11-01,20.686436567425524
2010-12-01,29.566587356022723
2011-01-01,60.842662873728685
2011-02-01,21.26705113706043
2011-03-01,-2.807039175165265
2011-04-01,-58.555102978186085
2011-05-01,-108.02309160011464
2011-06-01,-6.951265005931035
2011-07-01,-41.035357979989655
2011-08-01,-74.72339521961295
2011-09-01,-40.32563453611431
2011-10-01,14.862758417404805
2011-11-01,48.257993346446355
2011-12-01,31.3523555957866
2012-01-01,37.9776984463578
2012-02-01,44.07812392820735
2012-03-01,29.66720998257088
2012-04-01,-76.80219669256476
2012-05-01,-85.8426356089281
2012-06-01,-122.4482898411616
2012-07-01,-65.2765631657723
2012-08-01,2.7823874226414063
2012-09-01,-48.11415512515502
2012-10-01,-17.39225362803861
2012-11-01,53.679024213858966
2012-12-01,45.66791747813077
2013-01-01,91.60619903270917
2013-02-01,46.900783422084125
2013-03-01,-26.049282327179547
2013-04-01,-31.469133621312963
2013-05-01,-107.74388587300959
2013-06-01,-130.13474062032137
2013-07-01,-120.04618615717439
2013-08-01,-43.152877946040604
2013-09-01,-56.17751580049176
2013-10-01,2.922517558269469
2013-11-01,10.166128854422563
2013-12-01,66.36322825955068
2014-01-01,34.95730170616335
2014-02-01,9.737882786867472
2014-03-01,3.097901253117204
2014-04-01,7.0837844319275405
2014-05-01,-34.8178069722392
2014-06-01,-26.660972263970834
2014-07-01,-37.072254607245924
2014-08-01,-2.8317436935379448
2014-09-01,-58.015831305757814
2014-10-01,18.644528056970877
2014-11-01,40.78417982527953
2014-12-01,92.885218504213
2015-01-01,63.01235682331457
2015-02-01,45.68946850524473
2015-03-01,-12.806146884740762
2015-04-01,-30.66306142653133
2015-05-01,-72.74501266328714
2015-06-01,-39.153055432297435
2015-07-01,-72.45059774927205
2015-08-01,-80.66817895853866
2015-09-01,-36.799695086059
2015-10-01,59.710983407031165
2015-11-01,27.66742742124258
2015-12-01,21.526986438639135
2016-01-01,40.21008053407779
2016-02-01,19.378037514051737
2016-03-01,28.05372259236583
2016-04-01,-35.732941590418335
2016-05-01,-96.96567784414262
2016-06-01,-81.16918353200901
2016-07-01,-79.92736750312511
2016-08-01,-38.31081325457836
2016-09-01,-62.81836632836327
2016-10-01,7.343561248040565
2016-11-01,67.45385878959915
2016-12-01,94.81433387254152
2017-01-01,19.553758126454845
2017-02-01,29.453235652329877
2017-03-01,33.92276448021406
2017-04-01,-45.63141929308563
2017-05-01,-109.66631366742777
2017-06-01,-101.56273911349962
2017-07-01,-143.6774879529952
2017-08-01,-77.30916016369869
2017-09-01,-18.265962172724116
2017-10-01,37.36576319218471
2017-11-01,8.519459975587862
2017-12-01,65.82122191425675
2018-01-01,86.18807444167601
2018-02-01,1.6458912970697632
2018-03-01,4.939646877539317
2018-04-01,-32.43889861711044
2018-05-01,-96.08406515597287
2018-06-01,-104.28505629501151
2018-07-01,-115.13178322648037
2018-08-01,-81.53978458632801
2018-09-01,-4.875750519751051
2018-10-01,-3.74877090267897
2018-11-01,24.820533390512853
2018-12-01,76.37872058023041
2019-01-01,90.31018029586609
2019-02-01,25.17643170945537
2019-03-01,-34.737171385795975
2019-04-01,-68.80334195369701
2019-05-01,-72.05394076838766
2019-06-01,-104.6931844207705
2019-07-01,-85.4543610022634
2019-08-01,-68.01853320092118
2019-09-01,-28.90448961081485
2019-10-01,31.81291753056835
2019-11-01,19.038487592726888
2019-12-01,29.67848238297446
2020-01-01,47.90211434073667
2020-02-01,32.52438915226796
2020-03-01,41.80233534446094
2020-04-01,-54.33588048554884
2020-05-01,-41.96193974971334
2020-06-01,-59.81359964028198
2020-07-01,26.49249225963227
2020-08-01,-26.043595132437616
2020-09-01,-21.875008361342438
2020-10-01,-0.7560328298806667
2020-11-01,39.40150270792019
2020-12-01,38.01709020648019
2021-01-01,67.47267731467697
2021-02-01,30.676059926140297
2021-03-01,12.607608082498345
2021-04-01,-19.650128896601714
2021-05-01,-56.37837331577299
2021-06-01,-101.55172047123699
2021-07-01,-83.34025697875026
2021-08-01,-15.067389354839094
2021-09-01,23.401007274385606
2021-10-01,-8.533644118987226
2021-11-01,45.31713746378049
2021-12-01,29.36687071955246
2022-01-01,17.279918838328744
2022-02-01,11.737776944238899
2022-03-01,57.22837609093167
2022-04-01,-67.93959610583448
2022-05-01,-65.54396373907707
2022-06-01,-71.0432365601365
2022-07-01,-28.50495359828838
2022-08-01,-81.92854189923602
2022-09-01,56.583006867459716
2022-10-01,-18.178564743599196
2022-11-01,7.906148243698825
2022-12-01,26.823167435785024
2023-01-01,45.26580130392048
2023-02-01,21.933492294570083
2023-03-01,-1.878501688661693
2023-04-01,-50.63335872382329
2023-05-01,-40.31264275199641
2023-06-01,-90.11834838295934
2023-07-01,-139.55956176291585
2023-08-01,-58.45298339183108
2023-09-01,15.98740834744541
2023-10-01,-8.995090943612709
2023-11-01,35.91410382351525
2023-12-01,11.637737915127364
2024-01-01,46.16261445225834
2024-02-01,2.8295357480796923
2024-03-01,11.975272684787335
2024-04-01,-51.68932534021833
2024-05-01,-129.68695864669348
2024-06-01,-60.28632757486673
2024-07-01,-104.02750794197897
2024-08-01,-113.92632370331913
2024-09-01,37.84254749545501
2024-10-01,9.682274068543599
2024-11-01,28.619608329846443
2024-12-01,29.18939102169829
2025-01-01,94.29330055278659
2025-02-01,59.521524711155905
2025-03-01,45.441643230324985
2025-04-01,-17.279053838317267
2025-05-01,-45.98865161593031
2025-06-01,-32.618572886354755
2025-07-01,16.289525994221492
2025-08-01,-48.33210709129004
2025-09-01,1.18898324437275
2025-10-01,40.938533515945906
2025-11-01,22.85467300861952
2025-12-01,59.14367335623449
2026-01-01,62.56312587441031
2026-02-01,43.636722153277574
2026-03-01,34.55196480226084
2026-04-01,27.998344056001294
2026-05-01,-81.64620736413974
2026-06-01,3.2412815904859826
2026-07-01,-121.89531492248236
2026-08-01,-97.80618990213004
2026-09-01,-10.982338200777626
2026-10-01,22.665208522310913
2026-11-01,6.934198255362771
2026-12-01,21.542082894453088
2027-01-01,21.20118489933035
2027-02-01,2.3800659416369694
2027-03-01,4.292984756614523
2027-04-01,-64.37781329089204
2027-05-01,-71.1380905157087
2027-06-01,-69.42779256191304
2027-07-01,-39.36704889121157
2027-08-01,-24.562022345965644
2027-09-01,-44.27073565684378
2027-10-01,-11.478578104805713
2027-11-01,62.73820940708501
2027-12-01,18.679129453263876
2028-01-01,69.80717000205003
2028-02-01,59.2735839811425
2028-03-01,-3.4693840638837585
2028-04-01,-41.33741355918582
2028-05-01,-67.052688183623
2028-06-01,-5.0270143045743225
2028-07-01,-3.453371026198994
2028-08-01,-69.09359649541389
2028-09-01,-39.458829356061386
2028-10-01,71.06992915653265
2028-11-01,46.0447316294464
2028-12-01,24.824446646769353
2029-01-01,95.55629875557929
2029-02-01,13.119166145437216
2029-03-01,-1.2857252958228216
2029-04-01,-95.5302093711431
2029-05-01,-79.15765762644097
2029-06-01,-77.8225103298978
2029-07-01,-114.52577465319001
2029-08-01,-84.64889989653017
2029-09-01,-6.737028478755576
2029-10-01,-19.852670294972313
2029-11-01,40.39461791040257
2029-12-01,48.45055549034664
2030-01-01,88.30382407897562
2030-02-01,14.015394364547543
2030-03-01,14.239601991314089
2030-04-01,-18.493823024535303
2030-05-01,-63.68511889042313
2030-06-01,-74.18396732019087
2030-07-01,-86.37685826400326
2030-08-01,-87.09872845348673
2030-09-01,-40.50758068282727
2030-10-01,-20.310590932279922
2030-11-01,63.169385652258505
2030-12-01,54.74542981552385
2031-01-01,83.21286771148702
2031-02-01,51.14991765065467
2031-03-01,34.46643857379257
2031-04-01,-67.24109941911325
2031-05-01,-22.118161102471603
2031-06-01,-62.6959368147204
2031-07-01,-62.33953162311445
2031-08-01,-39.417100798632546
2031-09-01,-27.004533535224496
2031-10-01,-19.811213606785927
2031-11-01,7.058424482628292
2031-12-01,37.97807266702908
2032-01-01,29.936415923036474
2032-02-01,10.20477840928794
2032-03-01,8.389195979220595
2032-04-01,-1.4081485615038218
2032-05-01,-57.599705659091
2032-06-01,-60.83581933621008
2032-07-01,20.24386563797546
2032-08-01,-25.308040074079415
2032-09-01,-30.58026241881504
2032-10-01,30.77689367921805
2032-11-01,20.626690790166926
2032-12-01,46.06285895968309
2033-01-01,44.532225789857456
2033-02-01,16.80673337575439
2033-03-01,0.2108530956373329
2033-04-01,-55.94141514153765
2033-05-01,-29.78473635096661
2033-06-01,-41.48078102988708
2033-07-01,-147.06970511525623
2033-08-01,-82.32541097741361
2033-09-01,-32.22449015350452
2033-10-01,43.31125668128058
2033-11-01,45.288307637129265
2033-12-01,15.54788306296871
2034-01-01,55.94197547098752
2034-02-01,67.26659667493388
2034-03-01,5.1598573638342415
2034-04-01,-45.16306207139202
2034-05-01,39.52424868800698
2034-06-01,-51.914680461160714
2034-07-01,-142.37549735128528
2034-08-01,-26.018728409385474
2034-09-01,31.63833519202175
2034-10-01,9.504195777654871
2034-11-01,46.998343448592976
2034-12-01,86.05594537107017
2035-01-01,35.46026829946959
2035-02-01,59.37762641272285
2035-03-01,9.555831053646152
2035-04-01,-79.95810437295657
2035-05-01,-91.85443684003423
2035-06-01,-27.56337272379116
2035-07-01,-71.63546967791089
2035-08-01,-63.18193197851305
2035-09-01,-47.57117918599084
2035-10-01,88.58783158640168
2035-11-01,70.63844853633654
2035-12-01,33.323782158671634
2036-01-01,15.064402118415675
2036-02-01,16.952531642371866
2036-03-01,-4.4939869535630805
2036-04-01,-27.45113521167883
2036-05-01,-61.66048927115915
2036-06-01,-73.28465743100901
2036-07-01,-16.380067128308923
2036-08-01,-71.26899579486569
2036-09-01,-55.66491446526379
2036-10-01,-26.973510306984075
2036-11-01,28.803650589476447
2036-12-01,52.79021861022872
2037-01-01,33.33302922076938
2037-02-01,18.441673946744856
2037-03-01,8.123569513012107
2037-04-01,-44.94499408074745
2037-05-01,-51.20541725122621
2037-06-01,-9.612081406318168
2037-07-01,-61.87723349610167
2037-08-01,-93.17114104750405
2037-09-01,6.292419538666493
2037-10-01,35.14740378091972
2037-11-01,81.52107415211019
2037-12-01,43.12862380372028
2038-01-01,17.05908294781341
2038-02-01,5.517434149462353
2038-03-01,10.532795168674845
2038-04-01,26.328148639816803
2038-05-01,-91.7270604887442
2038-06-01,6.20990583725839
2038-07-01,-27.676372122469218
2038-08-01,-71.55556624245588
2038-09-01,-25.211845791496202
2038-10-01,53.50140169299133
2038-11-01,70.04466061910821
2038-12-01,94.80588162237215
2039-01-01,74.80378506101509
2039-02-01,70.26316670317814
2039-03-01,-19.792511952112456
2039-04-01,-43.85092829878779
2039-05-01,-5.023586564508335
2039-06-01,-107.14206693200404
2039-07-01,-120.52722284920449
2039-08-01,2.0175800669973967
2039-09-01,-2.8476461264140625
2039-10-01,3.66276889920492
2039-11-01,35.16809865553148
2039-12-01,31.92585662460737
2040-01-01,21.125737655843853
2040-02-01,34.96935671683025
2040-03-01,-18.807929106358444
2040-04-01,-56.84220092560679
2040-05-01,-24.685585491175686
2040-06-01,-44.34224397802875
2040-07-01,-106.64680741510799
2040-08-01,-105.76972480333077
2040-09-01,-35.46891135273961
2040-10-01,-17.34136889089382
2040-11-01,64.3108778914395
2040-12-01,57.83293969976619
2041-01-01,50.22853603862261
2041-02-01,-0.11487705781186364
2041-03-01,11.32700342122535
2041-04-01,-29.016175498157097
2041-05-01,-73.21310653886275
2041-06-01,-84.75382656566276
2041-07-01,-66.38165527841434
2041-08-01,-66.1384026966885
2041-09-01,-34.16487681717868
2041-10-01,13.500583731330991
2041-11-01,96.56156233786875
2041-12-01,30.969002282585286
2042-01-01,13.557764827240494
2042-02-01,-12.901133872873928
2042-03-01,25.551494223181578
2042-04-01,-8.33398865203867
2042-05-01,-85.90734174433246
2042-06-01,-96.40913535384152
2042-07-01,-135.27596574159332
2042-08-01,-79.17230275343195
2042-09-01,-9.077290680563777
2042-10-01,75.91427127574926
2042-11-01,29.949543878155183
2042-12-01,20.639658864240765
2043-01-01,35.696883222719045
2043-02-01,57.777753118606384
2043-03-01,-2.8523505350726737
2043-04-01,13.941453720727068
2043-05-01,-51.95138806667106
2043-06-01,-71.71371448286061
2043-07-01,-70.19459230385493
2043-08-01,2.5831480688205204
2043-09-01,-11.84769601931093
2043-10-01,24.13342739433294
2043-11-01,54.50176263460591
2043-12-01,46.37918698217797
2044-01-01,47.24184728518592
2044-02-01,79.45027669737834
2044-03-01,-10.718883962677175
2044-04-01,-22.141443097147786
2044-05-01,-64.6562909844104
2044-06-01,-47.546682339927855
2044-07-01,-90.70235507284158
2044-08-01,-97.91711446172121
2044-09-01,10.844956296111732
2044-10-01,83.05270819718021
2044-11-01,56.82121710527794
2044-12-01,39.831649798691195
2045-01-01,31.678063974229676
2045-02-01,61.52901933571849
2045-03-01,-16.39924930820446
2045-04-01,-45.36963483549671
2045-05-01,-20.275803541278222
2045-06-01,-48.33441155530096
2045-07-01,-43.61574178236259
2045-08-01,-34.069404302825376
2045-09-01,-24.66100975086634
2045-10-01,-13.470868935107205
2045-11-01,9.47160564984741
2045-12-01,53.06692595584195
2046-01-01,42.874637406921615
2046-02-01,13.526131416740576
2046-03-01,-27.324709214262178
2046-04-01,-34.369416651918655
2046-05-01,-33.74615110159937
2046-06-01,-67.00048110297044
2046-07-01,-102.99313347799009
2046-08-01,-75.82351799121146
2046-09-01,-53.66462671555617
2046-10-01,19.309954691861492
2046-11-01,58.235374682078444
2046-12-01,9.533969377532909
2047-01-01,71.34560686689798
2047-02-01,28.650509972817684
2047-03-01,21.467808170939847
2047-04-01,-38.41597957614076
2047-05-01,-62.70670921534375
2047-06-01,-59.99459517384577
2047-07-01,-104.02961613797814
2047-08-01,-6.569990528385901
2047-09-01,-32.108269854525744
2047-10-01,29.726948321477657
2047-11-01,-3.8561456823109648
2047-12-01,40.9123037311086
2048-01-01,45.427014321641096
2048-02-01,5.053071208018361
2048-03-01,-1.8068655257434116
2048-04-01,-26.72586815955397
2048-05-01,-54.29441212645415
2048-06-01,-89.84438541644928
2048-07-01,-146.55077209582907
2048-08-01,-51.72573681700922
2048-09-01,-69.75846760115873
2048-10-01,4.785775595445401
2048-11-01,10.104881398203657
2048-12-01,95.97824593715016
2049-01-01,92.83843172794212
2049-02-01,34.64576336590609
2049-03-01,35.39961186035855
2049-04-01,-26.177783132907308
2049-05-01,-75.512364621817
2049-06-01,3.5774945667063207
2049-07-01,-113.07312785440314
2049-08-01,-65.53555122434659
2049-09-01,-51.17552309716562
2049-10-01,-9.410976013063767
2049-11-01,50.021339781894085
2049-12-01,42.069349617505644
2050-01-01,73.57194971102429
2050-02-01,13.92521594684273
2050-03-01,3.0397598510358748
2050-04-01,-58.80746828413167
2050-05-01,-71.61539809791732
2050-06-01,-90.05134649484276
2050-07-01,-83.4032573567406
2050-08-01,-66.47870791635361
2050-09-01,-51.09486918060877
2050-10-01,3.252203947894941
2050-11-01,59.77218010751389
2050-12-01,18.767944473448694
2051-01-01,51.07640194180702
2051-02-01,6.258223507639407
2051-03-01,1.5941403802134957
2051-04-01,-64.87025933447819
2051-05-01,-82.56488639560752
2051-06-01,-96.76805587290707
2051-07-01,-67.12350264504545
2051-08-01,-3.8769871214077654
2051-09-01,-47.088436213511216
2051-10-01,33.647164722628965
2051-11-01,17.21705835165988
2051-12-01,32.130481226574474
2052-01-01,36.320492232944545
2052-02-01,55.32803488338885
2052-03-01,7.18992326599674
2052-04-01,-23.881446409218796
2052-05-01,-67.35588237550397
2052-06-01,-44.554820485835336
2052-07-01,-105.20253877876627
2052-08-01,-44.1201987104255
2052-09-01,-39.30080680971096
2052-10-01,39.93441788965599
2052-11-01,55.91972016216608
2052-12-01,131.76659717894103
2053-01-01,28.218107892258118
2053-02-01,58.11886164756676
2053-03-01,-7.301180687670815
2053-04-01,-6.031523235641643
2053-05-01,-71.94449139004311
2053-06-01,4.8492448684351075
2053-07-01,-106.04241896966954
2053-08-01,-23.45336977884854
2053-09-01,-32.850519157267755
2053-10-01,13.744322103397977
2053-11-01,37.42953321745314
2053-12-01,83.16867999561529
2054-01-01,27.977246559306984
2054-02-01,36.44725749530603
2054-03-01,-1.7591607079364735
2054-04-01,6.983727443542037
2054-05-01,-56.493441142286144
2054-06-01,-62.87699206590963
2054-07-01,63.179612719173065
2054-08-01,-67.13014614141959
2054-09-01,-34.43742347874286
2054-10-01,-8.290372625996248
2054-11-01,33.34577304028988
2054-12-01,53.71905439466414
2055-01-01,46.33630428492097
2055-02-01,13.500163586413386
2055-03-01,1.3771626071287173
2055-04-01,-42.013859219595204
2055-05-01,-95.55209880833885
2055-06-01,57.8314604055965
2055-07-01,-79.66811183678846
2055-08-01,-47.27515680920253
2055-09-01,-64.3645034184811
2055-10-01,19.74234917535761
2055-11-01,92.96211077996743
2055-12-01,75.25279544857426
2056-01-01,58.34496289245379
2056-02-01,32.05908050936029
2056-03-01,35.712050209578244
2056-04-01,-51.01170521175453
2056-05-01,-67.46011826927881
2056-06-01,35.20761643123967
2056-07-01,-126.81618835952196
2056-08-01,-27.766576503427345
2056-09-01,-50.98233617098184
2056-10-01,3.634833711531911
2056-11-01,43.13055998086156
2056-12-01,61.529656865334424
2057-01-01,39.699231198469434
2057-02-01,-8.4207281718849
2057-03-01,22.726925814565746
2057-04-01,-62.67156259873279
2057-05-01,-36.60275633118205
2057-06-01,-78.4241685399042
2057-07-01,-51.35430214100916
2057-08-01,-7.798199848725716
2057-09-01,41.520169759879956
2057-10-01,4.1111739745669595
2057-11-01,55.228898774849156
2057-12-01,90.92190499514733
2058-01-01,121.0043710104111
2058-02-01,9.974282826579781
2058-03-01,20.145421156327295
2058-04-01,-15.049878494124854
2058-05-01,-125.10436233395333
2058-06-01,-73.41000739922137
2058-07-01,-142.09241620386138
2058-08-01,-18.517455248624927
2058-09-01,-10.610663310849958
2058-10-01,5.893248277326414
2058-11-01,54.706692374427696
2058-12-01,30.88585703780081
2059-01-01,42.66353422260363
2059-02-01,1.328830045126594
2059-03-01,7.2279674995346355
2059-04-01,-65.48520700989492
2059-05-01,-93.78504577783454
2059-06-01,3.707782886618247
2059-07-01,-134.0065863317061
2059-08-01,-76.08530244534396
2059-09-01,-42.9063891973349
2059-10-01,-8.125946150982223
2059-11-01,22.94376928572303
2059-12-01,30.745905586643147
2060-01-01,21.6247503208906
2060-02-01,15.229715340749717
2060-03-01,-35.11160062050516
2060-04-01,11.428022289494535
2060-05-01,-63.34762795651497
2060-06-01,34.17507780449024
2060-07-01,-96.92047340592433
2060-08-01,-59.70264870701928
2060-09-01,-37.51410524077086
2060-10-01,27.29332811901483
2060-11-01,47.03013616836409
2060-12-01,90.90804570851563
2061-01-01,93.72561383456011
2061-02-01,19.70955884954154
2061-03-01,18.345333976585437
2061-04-01,-43.82087808933123
2061-05-01,-38.45693219570089
2061-06-01,-36.679520421591604
2061-07-01,-12.21274267162596
2061-08-01,-77.88212001651544
2061-09-01,-15.854468688333
2061-10-01,40.27068103383974
2061-11-01,21.474023439428073
2061-12-01,48.0498072278899
2062-01-01,30.420274683151774
2062-02-01,33.38359796450884
2062-03-01,0.4370645001593374
2062-04-01,-51.06018526413277
2062-05-01,-95.78903032988386
2062-06-01,-69.96589612416167
2062-07-01,-107.90248739039714
2062-08-01,-39.1447786557228
2062-09-01,-26.315951231979724
2062-10-01,-15.131560215850278
2062-11-01,33.0330648386126
2062-12-01,38.617757493867224
2063-01-01,1.4094214834630208
2063-02-01,11.75213686868613
2063-03-01,26.48720728190996
2063-04-01,-41.174889192373726
2063-05-01,-72.62337893064299
2063-06-01,26.06967537920292
2063-07-01,6.611315649295861
2063-08-01,-71.19400398222606
2063-09-01,35.66989556480583
2063-10-01,24.036186277082543
2063-11-01,23.216240440373817
2063-12-01,51.507676189367764
2064-01-01,57.849966602536654
2064-02-01,25.23407737293702
2064-03-01,29.984767790945767
2064-04-01,-37.70031503361142
2064-05-01,-2.4125999342728335
2064-06-01,-69.1432552728148
2064-07-01,-82.93483023685229
2064-08-01,-108.22494711638143
2064-09-01,-26.668006953822555
2064-10-01,1.1275903836061403
2064-11-01,60.79977758391015
2064-12-01,55.32157651513728
2065-01-01,34.76385881833767
2065-02-01,22.485655955367342
2065-03-01,-28.891292711210383
2065-04-01,-57.55300067444334
2065-05-01,-3.631414040625941
2065-06-01,15.003741828257489
2065-07-01,-71.20923655840221
2065-08-01,-54.28801911946033
2065-09-01,-15.479528791209376
2065-10-01,31.70052464901496
2065-11-01,45.88637139513415
2065-12-01,53.56910456344464
2066-01-01,105.18918462537144
2066-02-01,32.75487075005244
2066-03-01,8.22143601615327
2066-04-01,-71.15789434157071
2066-05-01,-103.96786851848549
2066-06-01,-67.65278325386126
2066-07-01,-33.535169001196294
2066-08-01,-104.04255972643728
2066-09-01,-27.28735125389754
2066-10-01,11.146961341188444
2066-11-01,3.588316979698847
2066-12-01,70.17361984847304
2067-01-01,35.96064036911884
2067-02-01,30.963120806212462
2067-03-01,28.67707673456917
2067-04-01,-67.28316269498217
2067-05-01,-101.67227494301105
2067-06-01,-71.69368071184797
2067-07-01,-73.38743913209902
2067-08-01,-74.93565959729224
2067-09-01,-59.17949779827258
2067-10-01,12.466276745181425
2067-11-01,14.698665928269739
2067-12-01,48.83061195310888
2068-01-01,54.21152105677481
2068-02-01,0.3539317345896791
2068-03-01,-8.400148593934972
2068-04-01,-12.654482415574805
2068-05-01,12.091130551301177
2068-06-01,-51.431322748197886
2068-07-01,-78.92410726464928
2068-08-01,-104.03120871914868
2068-09-01,-52.47018583935382
2068-10-01,22.134983465949304
2068-11-01,49.61820525323185
2068-12-01,30.928573577208795
2069-01-01,73.26817806729476
2069-02-01,40.38397772675319
2069-03-01,-28.686887461285977
2069-04-01,-28.032076742480157
2069-05-01,-55.342572771354526
2069-06-01,-83.13839918623054
2069-07-01,-113.23350052678495
2069-08-01,-126.34412294924317
2069-09-01,-48.85252633050594
2069-10-01,39.596951383343296
2069-11-01,29.061402523238684
2069-12-01,43.311022487827074
2070-01-01,53.97631643397972
2070-02-01,19.765472918936002
2070-03-01,-4.1070798821916625
2070-04-01,-48.14094805660663
2070-05-01,-86.65695308136843
2070-06-01,-60.42637228219232
2070-07-01,-119.67738231157875
2070-08-01,-96.12547720996739
2070-09-01,-12.623699759120214
2070-10-01,-25.94244083823059
2070-11-01,25.665732051846607
2070-12-01,52.700023531162884
2071-01-01,29.0782205418028
2071-02-01,47.983270969806895
2071-03-01,-19.786970911981783
2071-04-01,-44.52548540923715
2071-05-01,-76.14156589607094
2071-06-01,10.224087429743946
2071-07-01,-111.89582888843933
2071-08-01,-35.488461249071776
2071-09-01,-51.04213787357858
2071-10-01,-15.296075500849042
2071-11-01,39.94376923970738
2071-12-01,36.6079936297216
2072-01-01,36.22767397922694
2072-02-01,-8.285092107510566
2072-03-01,57.698653732235776
2072-04-01,-50.34957440623414
2072-05-01,-10.598628504330662
2072-06-01,-90.30487409290743
2072-07-01,-58.308175083967114
2072-08-01,-35.12424900749953
2072-09-01,-8.833435466756967
2072-10-01,-8.323373697134237
2072-11-01,50.360635064540816
2072-12-01,40.22538900828371
2073-01-01,20.292476222196605
2073-02-01,25.892942947395785
2073-03-01,16.805747115920738
2073-04-01,-75.05958151808493
2073-05-01,-112.25026018081584
2073-06-01,-59.59251034852616
2073-07-01,-41.82136219622282
2073-08-01,-15.086208122535325
2073-09-01,-23.001963133942155
2073-10-01,93.44005501972322
2073-11-01,16.51279249593692
2073-12-01,23.083511793067764
2074-01-01,29.812561991293602
2074-02-01,2.2419801711341236
2074-03-01,71.99408257894541
2074-04-01,-16.42784948454947
2074-05-01,-60.34802462400758
2074-06-01,-122.46920193274121
2074-07-01,-118.20691370535013
2074-08-01,-57.25253503693975
2074-09-01,-16.001168979818118
2074-10-01,49.08401010952036
2074-11-01,94.42063153699485
2074-12-01,62.59290730543374
2075-01-01,17.04864380311126
2075-02-01,60.75702571058933
2075-03-01,11.254773762647297
2075-04-01,-33.423560655742776
2075-05-01,-12.333041836987775
2075-06-01,-29.079304078600245
2075-07-01,-19.29762498379975
2075-08-01,0.29834108434232576
2075-09-01,-47.11030208019238
2075-10-01,15.08255889263576
2075-11-01,95.80974534405186
2075-12-01,38.72816480106738
2076-01-01,75.57386046752458
2076-02-01,34.51090697970355
2076-03-01,52.7937618249078
2076-04-01,-17.822588594442806
2076-05-01,-101.95500320742946
2076-06-01,-44.95348016495612
2076-07-01,-55.89883873620633
2076-08-01,-24.929738949289003
2076-09-01,-14.873955202369672
2076-10-01,14.154850434206203
2076-11-01,8.010804597040144
2076-12-01,54.60055861045417
2077-01-01,46.10517801503569
2077-02-01,10.44023526971272
2077-03-01,-10.242060744818787
2077-04-01,-69.57791361306539
2077-05-01,-85.52865956731887
2077-06-01,-79.50359204176962
2077-07-01,-49.01276975346303
2077-08-01,-31.18529503000778
2077-09-01,-45.707343709862954
2077-10-01,-11.394717400933622
2077-11-01,79.68047164534853
2077-12-01,0.6037828656962008
2078-01-01,90.35874712008277
2078-02-01,25.56211884960271
2078-03-01,-2.9680103604612356
2078-04-01,-36.68268788948507
2078-05-01,-116.06002004038129
2078-06-01,-47.47502890556606
2078-07-01,-19.33610154473334
2078-08-01,-75.95200255928388
2078-09-01,46.21693113661162
2078-10-01,48.110546864138264
2078-11-01,29.682844773072475
2078-12-01,58.29312147172667
2079-01-01,31.89417951183419
2079-02-01,68.27859548620035
2079-03-01,14.120953344063395
2079-04-01,-3.2962675061779976
2079-05-01,-72.99468254698436
2079-06-01,-44.679627332741234
2079-07-01,-60.78889908896224
2079-08-01,-30.74722446950642
2079-09-01,0.927919094421199
2079-10-01,30.77613013980617
2079-11-01,26.71597276402308
2079-12-01,33.20465974047269
2080-01-01,72.31633593724067
2080-02-01,-1.6880518756772318
2080-03-01,27.333197658334292
2080-04-01,-26.712847458342978
2080-05-01,-19.609596152500842
2080-06-01,0.30822987485150577
2080-07-01,-57.42028209012727
2080-08-01,-10.678584760562742
2080-09-01,2.0502595760158187
2080-10-01,-15.901610284376282
2080-11-01,25.680042689020617
2080-12-01,23.817569392165662
2081-01-01,64.64155947289262
2081-02-01,28.485699042173078
2081-03-01,11.924621276440945
2081-04-01,53.998503846327964
2081-05-01,60.38508337047563
2081-06-01,-28.82259723599587
2081-07-01,-92.25584449778006
2081-08-01,-70.39841786810463
2081-09-01,9.344404661968454
2081-10-01,70.8460953981839
2081-11-01,59.58925711804858
2081-12-01,54.123793391078046
2082-01-01,58.34724060640382
2082-02-01,19.455761577615803
2082-03-01,37.31937011444655
2082-04-01,-42.58438727379756
2082-05-01,-103.9886559298653
2082-06-01,-81.35647334035801
2082-07-01,-100.66720346466894
2082-08-01,-89.66407956495368
2082-09-01,-25.06630266143364
2082-10-01,-13.462216291096532
2082-11-01,90.83666410098488
2082-12-01,24.289366602024348
2083-01-01,15.58341172953168
2083-02-01,20.631124352939885
2083-03-01,-31.3699631785785
2083-04-01,-6.266856392220674
2083-05-01,-63.89566249111738
2083-06-01,-0.5898450438749876
2083-07-01,-39.63458429934427
2083-08-01,-41.64156415577402
2083-09-01,-10.188487333013043
2083-10-01,81.02982081856084
2083-11-01,46.186210770343976
2083-12-01,56.7906465156842
2084-01-01,8.467529470112044
2084-02-01,6.830091817513633
2084-03-01,33.29815992657851
2084-04-01,-44.678916371171454
2084-05-01,-81.60276348889782
2084-06-01,26.264477672646223
2084-07-01,-125.33170961616045
2084-08-01,-34.10975341960945
2084-09-01,-22.27598461354293
2084-10-01,-8.974054376042709
2084-11-01,19.76493389337263
2084-12-01,132.2539096265982
2085-01-01,49.1857392186914
2085-02-01,56.95422079878532
2085-03-01,1.3618198741918874
2085-04-01,19.741698281685274
2085-05-01,-65.98706623187334
2085-06-01,-39.37417264599077
2085-07-01,-93.6352071697354
2085-08-01,-129.09022743561243
2085-09-01,-51.06184423106993
2085-10-01,-1.2208875394537415
2085-11-01,51.66974819703485
2085-12-01,25.209890167968524
2086-01-01,12.467559873674674
2086-02-01,18.12383471610064
2086-03-01,-7.032005625251891
2086-04-01,-65.60699859953903
2086-05-01,-11.326581672154177
2086-06-01,-128.51602562260666
2086-07-01,-23.747873505843074
2086-08-01,-83.21138247201743
2086-09-01,-36.029785235486244
2086-10-01,-19.255580629224752
2086-11-01,37.75883572950695
2086-12-01,59.65368914832292
2087-01-01,3.4463324980676315
2087-02-01,84.73854779885066
2087-03-01,40.838860900161
2087-04-01,-6.497815920769142
2087-05-01,-20.09478022145541
2087-06-01,68.21366730865677
2087-07-01,-38.844454408085795
2087-08-01,-27.191751717560336
2087-09-01,-31.023117831350433
2087-10-01,24.887113755225542
2087-11-01,54.43213848289275
2087-12-01,65.84622377721963
2088-01-01,75.18234780200446
2088-02-01,61.57153884514415
2088-03-01,33.26602551646235
2088-04-01,-25.42760280239021
2088-05-01,-57.42403380753073
2088-06-01,-60.94245812048618
2088-07-01,-21.857793280846067
2088-08-01,-48.046963290121
2088-09-01,-34.41585105992492
2088-10-01,2.44805365021314
2088-11-01,116.2312823900547
2088-12-01,85.96699401989605
2089-01-01,65.66638739235557
2089-02-01,28.58463953370217
2089-03-01,-17.921325802049537
2089-04-01,-74.19816163744058
2089-05-01,-55.16280727766578
2089-06-01,-75.08279937449416
2089-07-01,-60.00452800763131
2089-08-01,-95.25376470477426
2089-09-01,-34.24602491933133
2089-10-01,-9.917993062368538
2089-11-01,24.711783332189977
2089-12-01,36.29662580612718
2090-01-01,1.214108998814492
2090-02-01,17.930713809467683
2090-03-01,7.832195747401613
2090-04-01,-36.321420544486784
2090-05-01,-64.10540111739954
2090-06-01,0.7454632011553883
2090-07-01,-54.613596890862624
2090-08-01,-14.10108270801949
2090-09-01,-18.69713782128285
2090-10-01,15.024917731845278
2090-11-01,20.035627173065755
2090-12-01,18.66924582218773
2091-01-01,70.27822378629014
2091-02-01,33.77050407474749
2091-03-01,11.00983565724843
2091-04-01,-37.895942568541614
2091-05-01,-29.77955902024499
2091-06-01,-22.45991743323212
2091-07-01,-49.101999167557494
2091-08-01,-16.51090721022409
2091-09-01,36.14741148195536
2091-10-01,-4.453120491797577
2091-11-01,23.954099449882914
2091-12-01,4.310284478178508
2092-01-01,57.221365072248986
2092-02-01,12.309191554255584
2092-03-01,-14.120107015303155
2092-04-01,-34.46791523196505
2092-05-01,-54.37410423438942
2092-06-01,-67.41211323909454
2092-07-01,-73.17260240290832
2092-08-01,-47.990180410416755
2092-09-01,-34.37059297481791
2092-10-01,9.60717111317323
2092-11-01,43.930805595561225
2092-12-01,50.463924598860125
2093-01-01,83.99609658381745
2093-02-01,24.69162954679901
2093-03-01,40.63273111823698
2093-04-01,-14.946874743010525
2093-05-01,-79.92206661690716
2093-06-01,-26.788024890809098
2093-07-01,-147.90167707705098
2093-08-01,-79.08631254991846
2093-09-01,9.38866585542624
2093-10-01,63.524753254525656
2093-11-01,6.930970684055495
2093-12-01,24.72338615456131
2094-01-01,21.304861141657227
2094-02-01,23.96360249351513
2094-03-01,13.107597393845289
2094-04-01,-80.49981007646427
2094-05-01,-69.83122017062516
2094-06-01,-65.39554313204286
2094-07-01,-87.22606832573013
2094-08-01,-46.377270538843476
2094-09-01,-37.64652438760869
2094-10-01,5.545618985462767
2094-11-01,14.768364319879655
2094-12-01,20.055336145015673
2095-01-01,10.346048704383138
2095-02-01,21.816861947377333
2095-03-01,-8.058656170103305
2095-04-01,-21.52579604559493
2095-05-01,-53.3006570874534
2095-06-01,30.638159684285938
2095-07-01,-65.99839887822702
2095-08-01,-56.43505718495996
2095-09-01,-44.508533487347236
2095-10-01,-28.063971078166865
2095-11-01,30.355753800322873
2095-12-01,67.8474172782531
2096-01-01,41.30106735101945
2096-02-01,1.1989003029031977
2096-03-01,-6.401522703086961
2096-04-01,-50.92551112296668
2096-05-01,58.54088493465882
2096-06-01,-74.83642247162851
2096-07-01,-63.902211972795186
2096-08-01,-17.50050651290404
2096-09-01,-9.726005660372792
2096-10-01,13.902036375810894
2096-11-01,25.921854795396925
2096-12-01,41.688782454291434
2097-01-01,55.86817437150382
2097-02-01,60.09111152923154
2097-03-01,7.234847891586028
2097-04-01,-24.41781461707933
2097-05-01,-91.71174290534267
2097-06-01,-95.74159976777582
2097-07-01,-13.314551166245565
2097-08-01,-21.06366584533677
2097-09-01,-3.4449154245889844
2097-10-01,64.31319760574894
2097-11-01,25.44594442464967
2097-12-01,15.238349841114852
2098-01-01,23.271757409832112
2098-02-01,53.79446940662102
2098-03-01,32.7600299971262
2098-04-01,-47.33607214196957
2098-05-01,-8.100539525144072
2098-06-01,-44.883600875904875
2098-07-01,-43.48336330344259
2098-08-01,-22.256138290446586
2098-09-01,-12.257362792254966
2098-10-01,33.73642310084126
2098-11-01,53.94186476382872
2098-12-01,55.20753514616441
2099-01-01,42.43055181837436
2099-02-01,34.67056321119846
2099-03-01,35.59107111865539
2099-04-01,-51.93296262429641
2099-05-01,-78.50376398900163
2099-06-01,-25.416067474009765
2099-07-01,-86.86974934194083
2099-08-01,-33.5445343906468
2099-09-01,-51.5586290542997
2099-10-01,2.3567548905851794
2099-11-01,24.154635167564656
2099-12-01,63.60440379161532
2100-01-01,25.37116682238756
2100-02-01,13.365047021131662
2100-03-01,26.12863766659855
2100-04-01,0.11893363705125637
2100-05-01,-101.99930515170556
2100-06-01,-79.39015729923739
2100-07-01,-68.49050707926702
2100-08-01,-55.93968208697267
2100-09-01,-6.8545317829011765
2100-10-01,-5.7242664336393645
2100-11-01,8.317376896981141
2100-12-01,45.23583621419786
