time,03_pr_mm_month
1850-01-01,106.89259
1850-02-01,72.21188
1850-03-01,150.20976
1850-04-01,117.62362
1850-05-01,114.42669
1850-06-01,177.17773
1850-07-01,29.548126
1850-08-01,179.30295
1850-09-01,24.120312
1850-10-01,169.0325
1850-11-01,68.253944
1850-12-01,194.16176
1851-01-01,20.016735
1851-02-01,105.538445
1851-03-01,64.54322
1851-04-01,99.27197
1851-05-01,135.86472
1851-06-01,62.288742
1851-07-01,137.88135
1851-08-01,62.514103
1851-09-01,61.626366
1851-10-01,162.25867
1851-11-01,81.679214
1851-12-01,127.57031
1852-01-01,91.72897
1852-02-01,33.426395
1852-03-01,142.77423
1852-04-01,105.144104
1852-05-01,153.03072
1852-06-01,90.72058
1852-07-01,180.76999
1852-08-01,143.2661
1852-09-01,137.23732
1852-10-01,66.23239
1852-11-01,121.84183
1852-12-01,76.69954
1853-01-01,29.882324
1853-02-01,95.20105
1853-03-01,143.34392
1853-04-01,79.16167
1853-05-01,31.39866
1853-06-01,51.65187
1853-07-01,103.00768
1853-08-01,50.75538
1853-09-01,56.43171
1853-10-01,66.17419
1853-11-01,98.42211
1853-12-01,94.42481
1854-01-01,97.073425
1854-02-01,81.159615
1854-03-01,70.33344
1854-04-01,114.611755
1854-05-01,104.37126
1854-06-01,207.49817
1854-07-01,47.716698
1854-08-01,88.23603
1854-09-01,120.92049
1854-10-01,24.615074
1854-11-01,100.11966
1854-12-01,59.521835
1855-01-01,54.146698
1855-02-01,37.497684
1855-03-01,61.810947
1855-04-01,87.93199
1855-05-01,112.56207
1855-06-01,173.21613
1855-07-01,163.82156
1855-08-01,116.20784
1855-09-01,33.8531
1855-10-01,62.101982
1855-11-01,20.519
1855-12-01,49.650047
1856-01-01,178.94608
1856-02-01,83.98888
1856-03-01,113.24541
1856-04-01,102.116486
1856-05-01,199.19788
1856-06-01,93.39877
1856-07-01,51.13062
1856-08-01,258.27133
1856-09-01,67.784546
1856-10-01,90.52232
1856-11-01,48.574394
1856-12-01,51.797974
1857-01-01,141.01233
1857-02-01,22.968147
1857-03-01,83.69312
1857-04-01,112.22129
1857-05-01,99.17952
1857-06-01,41.95478
1857-07-01,152.9499
1857-08-01,127.5142
1857-09-01,65.70634
1857-10-01,106.19777
1857-11-01,165.87862
1857-12-01,42.022957
1858-01-01,57.731243
1858-02-01,100.691605
1858-03-01,112.29155
1858-04-01,162.59766
1858-05-01,175.97754
1858-06-01,231.21289
1858-07-01,102.6131
1858-08-01,54.24225
1858-09-01,23.043215
1858-10-01,83.88428
1858-11-01,71.98804
1858-12-01,58.075176
1859-01-01,62.145424
1859-02-01,107.72453
1859-03-01,43.914963
1859-04-01,46.543533
1859-05-01,136.017
1859-06-01,189.23451
1859-07-01,63.43185
1859-08-01,172.57196
1859-09-01,80.924774
1859-10-01,40.432972
1859-11-01,87.612686
1859-12-01,63.999252
1860-01-01,85.2865
1860-02-01,30.693985
1860-03-01,171.37643
1860-04-01,182.12404
1860-05-01,81.65623
1860-06-01,178.01987
1860-07-01,244.61632
1860-08-01,197.22266
1860-09-01,76.80592
1860-10-01,96.63284
1860-11-01,124.81079
1860-12-01,119.31608
1861-01-01,76.248825
1861-02-01,42.7175
1861-03-01,133.44891
1861-04-01,75.3553
1861-05-01,53.482044
1861-06-01,98.96271
1861-07-01,81.117935
1861-08-01,32.078106
1861-09-01,24.992973
1861-10-01,31.608196
1861-11-01,177.76033
1861-12-01,163.71669
1862-01-01,115.89664
1862-02-01,207.8554
1862-03-01,50.830627
1862-04-01,78.28626
1862-05-01,110.838684
1862-06-01,102.14748
1862-07-01,80.7808
1862-08-01,52.68883
1862-09-01,135.88893
1862-10-01,114.69664
1862-11-01,82.02908
1862-12-01,102.44236
1863-01-01,247.63562
1863-02-01,87.18565
1863-03-01,209.51767
1863-04-01,101.84677
1863-05-01,95.95988
1863-06-01,232.29523
1863-07-01,24.542439
1863-08-01,69.90693
1863-09-01,61.337578
1863-10-01,67.62248
1863-11-01,19.866684
1863-12-01,58.79703
1864-01-01,159.44925
1864-02-01,108.60803
1864-03-01,50.46199
1864-04-01,123.29803
1864-05-01,111.18438
1864-06-01,76.85831
1864-07-01,261.43536
1864-08-01,128.49873
1864-09-01,55.554214
1864-10-01,88.31996
1864-11-01,45.45626
1864-12-01,43.812637
1865-01-01,246.43611
1865-02-01,27.444584
1865-03-01,104.7779
1865-04-01,67.60063
1865-05-01,119.96698
1865-06-01,237.15823
1865-07-01,65.92072
1865-08-01,89.05624
1865-09-01,149.14696
1865-10-01,59.57766
1865-11-01,41.32956
1865-12-01,51.307724
1866-01-01,56.162262
1866-02-01,50.74619
1866-03-01,105.22429
1866-04-01,127.527695
1866-05-01,220.33353
1866-06-01,237.58487
1866-07-01,208.99437
1866-08-01,191.00629
1866-09-01,80.848114
1866-10-01,140.51285
1866-11-01,198.2258
1866-12-01,31.214714
1867-01-01,199.392
1867-02-01,47.014107
1867-03-01,147.55775
1867-04-01,172.35599
1867-05-01,35.68004
1867-06-01,196.66473
1867-07-01,149.0489
1867-08-01,127.59576
1867-09-01,68.51286
1867-10-01,94.63998
1867-11-01,44.388107
1867-12-01,167.71371
1868-01-01,49.005203
1868-02-01,120.336
1868-03-01,209.18547
1868-04-01,150.1384
1868-05-01,144.44632
1868-06-01,156.53127
1868-07-01,184.767
1868-08-01,83.92668
1868-09-01,51.506966
1868-10-01,36.803555
1868-11-01,148.7485
1868-12-01,142.00656
1869-01-01,102.924126
1869-02-01,61.824963
1869-03-01,121.9686
1869-04-01,77.59948
1869-05-01,182.901
1869-06-01,122.15642
1869-07-01,112.28727
1869-08-01,25.12643
1869-09-01,170.92523
1869-10-01,56.078606
1869-11-01,42.36385
1869-12-01,83.20862
1870-01-01,53.48441
1870-02-01,114.15992
1870-03-01,101.34654
1870-04-01,36.516308
1870-05-01,123.917076
1870-06-01,129.07423
1870-07-01,42.249916
1870-08-01,81.7133
1870-09-01,96.766174
1870-10-01,38.91776
1870-11-01,84.672844
1870-12-01,76.41628
1871-01-01,15.870686
1871-02-01,78.82826
1871-03-01,76.7435
1871-04-01,126.98161
1871-05-01,97.24974
1871-06-01,222.341
1871-07-01,141.99313
1871-08-01,169.76103
1871-09-01,28.169453
1871-10-01,45.730175
1871-11-01,145.44666
1871-12-01,97.03335
1872-01-01,35.800316
1872-02-01,254.27505
1872-03-01,79.825165
1872-04-01,111.30722
1872-05-01,121.749435
1872-06-01,109.36987
1872-07-01,100.861534
1872-08-01,110.689514
1872-09-01,26.873034
1872-10-01,181.19774
1872-11-01,33.80008
1872-12-01,144.64516
1873-01-01,41.3614
1873-02-01,139.88441
1873-03-01,63.5767
1873-04-01,53.557575
1873-05-01,106.9004
1873-06-01,116.470085
1873-07-01,84.47279
1873-08-01,69.0927
1873-09-01,202.458
1873-10-01,118.42276
1873-11-01,59.305504
1873-12-01,41.663235
1874-01-01,85.1976
1874-02-01,33.74958
1874-03-01,101.99585
1874-04-01,54.449455
1874-05-01,93.73049
1874-06-01,104.24893
1874-07-01,131.5199
1874-08-01,189.82076
1874-09-01,72.77333
1874-10-01,82.08913
1874-11-01,148.58195
1874-12-01,169.48804
1875-01-01,43.732277
1875-02-01,70.98148
1875-03-01,65.166916
1875-04-01,48.81073
1875-05-01,69.61857
1875-06-01,180.01486
1875-07-01,74.232285
1875-08-01,107.85679
1875-09-01,106.9384
1875-10-01,94.009346
1875-11-01,114.43423
1875-12-01,123.26337
1876-01-01,54.073074
1876-02-01,163.82246
1876-03-01,71.71786
1876-04-01,78.877884
1876-05-01,187.34056
1876-06-01,116.42327
1876-07-01,146.9991
1876-08-01,42.803246
1876-09-01,67.46025
1876-10-01,46.370476
1876-11-01,89.13669
1876-12-01,32.62137
1877-01-01,113.16972
1877-02-01,19.974964
1877-03-01,79.38168
1877-04-01,88.5222
1877-05-01,92.72649
1877-06-01,111.34828
1877-07-01,106.02452
1877-08-01,84.75197
1877-09-01,50.36257
1877-10-01,62.558186
1877-11-01,173.37946
1877-12-01,97.24747
1878-01-01,317.41183
1878-02-01,30.840244
1878-03-01,47.781242
1878-04-01,72.80759
1878-05-01,172.11487
1878-06-01,111.22375
1878-07-01,118.866135
1878-08-01,228.10957
1878-09-01,58.09489
1878-10-01,88.33679
1878-11-01,129.05518
1878-12-01,89.39677
1879-01-01,73.04579
1879-02-01,116.74942
1879-03-01,172.79758
1879-04-01,85.05911
1879-05-01,82.05255
1879-06-01,71.614044
1879-07-01,41.076065
1879-08-01,102.313644
1879-09-01,111.08173
1879-10-01,103.767006
1879-11-01,109.40245
1879-12-01,163.09789
1880-01-01,119.01377
1880-02-01,117.187256
1880-03-01,55.03593
1880-04-01,111.652145
1880-05-01,94.65639
1880-06-01,49.250786
1880-07-01,190.87845
1880-08-01,26.772858
1880-09-01,144.76239
1880-10-01,68.53739
1880-11-01,94.568565
1880-12-01,51.789726
1881-01-01,183.08488
1881-02-01,189.59561
1881-03-01,50.679802
1881-04-01,104.34715
1881-05-01,42.361443
1881-06-01,121.743805
1881-07-01,171.58649
1881-08-01,204.00757
1881-09-01,80.09226
1881-10-01,115.27607
1881-11-01,61.764603
1881-12-01,116.25225
1882-01-01,45.324955
1882-02-01,82.3341
1882-03-01,163.55527
1882-04-01,76.97006
1882-05-01,70.953476
1882-06-01,224.16165
1882-07-01,119.520355
1882-08-01,169.45906
1882-09-01,98.491745
1882-10-01,90.69037
1882-11-01,138.6803
1882-12-01,141.88014
1883-01-01,63.830162
1883-02-01,161.49823
1883-03-01,111.57134
1883-04-01,94.28482
1883-05-01,136.80476
1883-06-01,103.4931
1883-07-01,158.28378
1883-08-01,142.36765
1883-09-01,36.036896
1883-10-01,46.395004
1883-11-01,60.470947
1883-12-01,118.70136
1884-01-01,161.87704
1884-02-01,67.43956
1884-03-01,62.454395
1884-04-01,82.38861
1884-05-01,164.11078
1884-06-01,64.48195
1884-07-01,257.4685
1884-08-01,152.63855
1884-09-01,76.14212
1884-10-01,88.92865
1884-11-01,78.58124
1884-12-01,80.571
1885-01-01,58.44818
1885-02-01,63.094437
1885-03-01,49.776997
1885-04-01,122.28437
1885-05-01,108.01
1885-06-01,211.23898
1885-07-01,78.3031
1885-08-01,135.22429
1885-09-01,31.511194
1885-10-01,179.92638
1885-11-01,58.02419
1885-12-01,132.23117
1886-01-01,54.84704
1886-02-01,27.730038
1886-03-01,163.95209
1886-04-01,31.768562
1886-05-01,91.64394
1886-06-01,52.99665
1886-07-01,40.38002
1886-08-01,110.11812
1886-09-01,79.70742
1886-10-01,127.01612
1886-11-01,47.15619
1886-12-01,25.647217
1887-01-01,98.806046
1887-02-01,145.0295
1887-03-01,128.0178
1887-04-01,93.0638
1887-05-01,67.30524
1887-06-01,168.35405
1887-07-01,24.325333
1887-08-01,76.97751
1887-09-01,60.939934
1887-10-01,128.18315
1887-11-01,66.645805
1887-12-01,53.710255
1888-01-01,173.89276
1888-02-01,184.67603
1888-03-01,128.73373
1888-04-01,38.043503
1888-05-01,126.91153
1888-06-01,6.950682
1888-07-01,18.674688
1888-08-01,32.36027
1888-09-01,134.9531
1888-10-01,124.528145
1888-11-01,94.2212
1888-12-01,30.147346
1889-01-01,26.684597
1889-02-01,101.48837
1889-03-01,86.557724
1889-04-01,124.88083
1889-05-01,235.95207
1889-06-01,92.196594
1889-07-01,171.42899
1889-08-01,185.47633
1889-09-01,119.01524
1889-10-01,92.225876
1889-11-01,93.733055
1889-12-01,41.506214
1890-01-01,29.461843
1890-02-01,199.90335
1890-03-01,54.52144
1890-04-01,61.072105
1890-05-01,71.90938
1890-06-01,58.19955
1890-07-01,72.98069
1890-08-01,70.86753
1890-09-01,61.446922
1890-10-01,51.915955
1890-11-01,70.43105
1890-12-01,91.40414
1891-01-01,32.258972
1891-02-01,84.9918
1891-03-01,250.43573
1891-04-01,94.42691
1891-05-01,44.007088
1891-06-01,116.65623
1891-07-01,63.17942
1891-08-01,94.575516
1891-09-01,219.29007
1891-10-01,72.39789
1891-11-01,20.321697
1891-12-01,29.85468
1892-01-01,88.85681
1892-02-01,136.93552
1892-03-01,182.46455
1892-04-01,92.745674
1892-05-01,207.99924
1892-06-01,171.78972
1892-07-01,170.46103
1892-08-01,65.86659
1892-09-01,19.225471
1892-10-01,119.448395
1892-11-01,38.263016
1892-12-01,68.559814
1893-01-01,48.241165
1893-02-01,14.86326
1893-03-01,64.86304
1893-04-01,84.010345
1893-05-01,95.87216
1893-06-01,161.24017
1893-07-01,84.42362
1893-08-01,46.408714
1893-09-01,180.07298
1893-10-01,77.3517
1893-11-01,100.881714
1893-12-01,114.04845
1894-01-01,32.31759
1894-02-01,58.270382
1894-03-01,74.063
1894-04-01,94.42932
1894-05-01,62.91623
1894-06-01,171.79996
1894-07-01,246.31604
1894-08-01,205.85783
1894-09-01,24.67327
1894-10-01,25.642895
1894-11-01,95.48979
1894-12-01,71.58162
1895-01-01,76.09003
1895-02-01,31.627913
1895-03-01,171.12747
1895-04-01,152.81439
1895-05-01,140.3617
1895-06-01,164.32994
1895-07-01,61.292603
1895-08-01,155.27008
1895-09-01,63.01724
1895-10-01,80.58868
1895-11-01,74.56654
1895-12-01,97.65109
1896-01-01,128.40273
1896-02-01,62.091194
1896-03-01,54.98791
1896-04-01,148.70209
1896-05-01,79.2058
1896-06-01,118.06529
1896-07-01,182.98633
1896-08-01,163.56816
1896-09-01,24.362833
1896-10-01,125.928635
1896-11-01,57.92901
1896-12-01,94.94116
1897-01-01,106.71378
1897-02-01,37.11599
1897-03-01,73.84695
1897-04-01,153.18442
1897-05-01,74.15569
1897-06-01,315.22913
1897-07-01,127.176765
1897-08-01,200.3306
1897-09-01,41.42402
1897-10-01,8.71308
1897-11-01,87.04854
1897-12-01,121.08295
1898-01-01,114.683395
1898-02-01,27.038134
1898-03-01,41.962044
1898-04-01,67.481
1898-05-01,66.753395
1898-06-01,185.51503
1898-07-01,27.642345
1898-08-01,111.6696
1898-09-01,141.4279
1898-10-01,92.44966
1898-11-01,33.90867
1898-12-01,39.9928
1899-01-01,78.397446
1899-02-01,49.814735
1899-03-01,115.36987
1899-04-01,129.99948
1899-05-01,75.346466
1899-06-01,184.32877
1899-07-01,145.78674
1899-08-01,40.527534
1899-09-01,78.31937
1899-10-01,62.879574
1899-11-01,46.61631
1899-12-01,121.13031
1900-01-01,21.914778
1900-02-01,63.763725
1900-03-01,59.482216
1900-04-01,51.87361
1900-05-01,124.84037
1900-06-01,74.270874
1900-07-01,214.9717
1900-08-01,155.87811
1900-09-01,219.76485
1900-10-01,26.301031
1900-11-01,106.003265
1900-12-01,46.49943
1901-01-01,136.53867
1901-02-01,16.002262
1901-03-01,134.04732
1901-04-01,168.33804
1901-05-01,103.5513
1901-06-01,124.38333
1901-07-01,35.01168
1901-08-01,72.75058
1901-09-01,43.51288
1901-10-01,89.6668
1901-11-01,63.5665
1901-12-01,151.7933
1902-01-01,57.65041
1902-02-01,124.747536
1902-03-01,141.5029
1902-04-01,59.059937
1902-05-01,148.68275
1902-06-01,44.72389
1902-07-01,40.681915
1902-08-01,29.401434
1902-09-01,66.47533
1902-10-01,81.19546
1902-11-01,90.49285
1902-12-01,79.9169
1903-01-01,41.58879
1903-02-01,99.50557
1903-03-01,57.662792
1903-04-01,57.159927
1903-05-01,85.69742
1903-06-01,126.04092
1903-07-01,159.23943
1903-08-01,64.264175
1903-09-01,56.132202
1903-10-01,102.5847
1903-11-01,33.27303
1903-12-01,97.45983
1904-01-01,30.91321
1904-02-01,29.092773
1904-03-01,28.518772
1904-04-01,120.22798
1904-05-01,70.80267
1904-06-01,104.79321
1904-07-01,236.13162
1904-08-01,35.313393
1904-09-01,123.29881
1904-10-01,69.99838
1904-11-01,110.06507
1904-12-01,46.82116
1905-01-01,144.59703
1905-02-01,41.832863
1905-03-01,17.858028
1905-04-01,107.4276
1905-05-01,143.8352
1905-06-01,128.86151
1905-07-01,141.6725
1905-08-01,85.58244
1905-09-01,76.79472
1905-10-01,50.482243
1905-11-01,55.902485
1905-12-01,37.751225
1906-01-01,62.254196
1906-02-01,70.48354
1906-03-01,27.646532
1906-04-01,36.31626
1906-05-01,93.859474
1906-06-01,69.551895
1906-07-01,88.02806
1906-08-01,140.22626
1906-09-01,47.148865
1906-10-01,41.52268
1906-11-01,150.72363
1906-12-01,126.957344
1907-01-01,191.23277
1907-02-01,93.010345
1907-03-01,58.907806
1907-04-01,88.84302
1907-05-01,81.32614
1907-06-01,144.60794
1907-07-01,88.11222
1907-08-01,57.610344
1907-09-01,59.478153
1907-10-01,99.45941
1907-11-01,58.252716
1907-12-01,102.96566
1908-01-01,167.69348
1908-02-01,156.91866
1908-03-01,127.045074
1908-04-01,64.58701
1908-05-01,214.79762
1908-06-01,135.06085
1908-07-01,71.78717
1908-08-01,78.470566
1908-09-01,28.782272
1908-10-01,17.14897
1908-11-01,145.10776
1908-12-01,45.24541
1909-01-01,45.266582
1909-02-01,22.59985
1909-03-01,67.606575
1909-04-01,78.56753
1909-05-01,61.05411
1909-06-01,93.02908
1909-07-01,114.755356
1909-08-01,44.030067
1909-09-01,215.88353
1909-10-01,80.37962
1909-11-01,142.1481
1909-12-01,72.924164
1910-01-01,62.22354
1910-02-01,80.040474
1910-03-01,55.38089
1910-04-01,152.3352
1910-05-01,132.01648
1910-06-01,120.74142
1910-07-01,67.1446
1910-08-01,197.9495
1910-09-01,54.264553
1910-10-01,106.06989
1910-11-01,23.833223
1910-12-01,119.134476
1911-01-01,78.32742
1911-02-01,47.504723
1911-03-01,155.72675
1911-04-01,70.824234
1911-05-01,168.80618
1911-06-01,134.44481
1911-07-01,134.02126
1911-08-01,132.46017
1911-09-01,72.10556
1911-10-01,55.70685
1911-11-01,68.04342
1911-12-01,49.658043
1912-01-01,89.90152
1912-02-01,42.494194
1912-03-01,151.45853
1912-04-01,22.784351
1912-05-01,60.766174
1912-06-01,131.53088
1912-07-01,150.41965
1912-08-01,65.07573
1912-09-01,103.802704
1912-10-01,42.946312
1912-11-01,23.850706
1912-12-01,84.26771
1913-01-01,106.11495
1913-02-01,40.948433
1913-03-01,35.48764
1913-04-01,166.25322
1913-05-01,146.18951
1913-06-01,169.70401
1913-07-01,64.55122
1913-08-01,97.979294
1913-09-01,71.03716
1913-10-01,135.50491
1913-11-01,87.74144
1913-12-01,158.17914
1914-01-01,60.014904
1914-02-01,103.5303
1914-03-01,71.248146
1914-04-01,132.47261
1914-05-01,92.25546
1914-06-01,68.99318
1914-07-01,138.02298
1914-08-01,38.506607
1914-09-01,64.80351
1914-10-01,102.79037
1914-11-01,35.383087
1914-12-01,18.538342
1915-01-01,130.7198
1915-02-01,149.55112
1915-03-01,53.29219
1915-04-01,161.05983
1915-05-01,67.588165
1915-06-01,50.919754
1915-07-01,71.36415
1915-08-01,150.50938
1915-09-01,28.78754
1915-10-01,33.766125
1915-11-01,19.28426
1915-12-01,125.984726
1916-01-01,169.38153
1916-02-01,77.663
1916-03-01,111.87261
1916-04-01,82.90109
1916-05-01,146.9505
1916-06-01,150.73767
1916-07-01,133.27264
1916-08-01,161.03232
1916-09-01,38.8987
1916-10-01,66.043
1916-11-01,41.515453
1916-12-01,51.640087
1917-01-01,39.10237
1917-02-01,23.302982
1917-03-01,194.77432
1917-04-01,80.71946
1917-05-01,143.57065
1917-06-01,155.82977
1917-07-01,108.18869
1917-08-01,47.053528
1917-09-01,117.199455
1917-10-01,88.53211
1917-11-01,62.91865
1917-12-01,109.80971
1918-01-01,150.60037
1918-02-01,38.407463
1918-03-01,73.41935
1918-04-01,146.18466
1918-05-01,142.34277
1918-06-01,243.81189
1918-07-01,176.06369
1918-08-01,118.88694
1918-09-01,136.14656
1918-10-01,69.2963
1918-11-01,109.93611
1918-12-01,66.11517
1919-01-01,99.726135
1919-02-01,120.433304
1919-03-01,207.63106
1919-04-01,132.60965
1919-05-01,56.631485
1919-06-01,109.40864
1919-07-01,227.30962
1919-08-01,153.04349
1919-09-01,69.29132
1919-10-01,244.37027
1919-11-01,40.727364
1919-12-01,251.17737
1920-01-01,69.824326
1920-02-01,113.97647
1920-03-01,40.722668
1920-04-01,129.96274
1920-05-01,69.17988
1920-06-01,144.19078
1920-07-01,168.43953
1920-08-01,49.809277
1920-09-01,98.78116
1920-10-01,96.599754
1920-11-01,114.68096
1920-12-01,122.71906
1921-01-01,33.130524
1921-02-01,71.81616
1921-03-01,122.47441
1921-04-01,138.05956
1921-05-01,80.17028
1921-06-01,49.404655
1921-07-01,172.34833
1921-08-01,79.47055
1921-09-01,102.82144
1921-10-01,78.3218
1921-11-01,70.24386
1921-12-01,195.53156
1922-01-01,167.73126
1922-02-01,173.29759
1922-03-01,69.96339
1922-04-01,104.53389
1922-05-01,206.66418
1922-06-01,142.43526
1922-07-01,58.655003
1922-08-01,69.480354
1922-09-01,20.988544
1922-10-01,96.50786
1922-11-01,28.410872
1922-12-01,70.198784
1923-01-01,30.552153
1923-02-01,33.87555
1923-03-01,83.69148
1923-04-01,120.01292
1923-05-01,111.94855
1923-06-01,139.1059
1923-07-01,88.63541
1923-08-01,153.72401
1923-09-01,58.393127
1923-10-01,94.80097
1923-11-01,58.078533
1923-12-01,101.02103
1924-01-01,102.66612
1924-02-01,16.631922
1924-03-01,55.114254
1924-04-01,131.04373
1924-05-01,130.07632
1924-06-01,48.922333
1924-07-01,180.55762
1924-08-01,102.87123
1924-09-01,96.695145
1924-10-01,38.965443
1924-11-01,42.859184
1924-12-01,36.107903
1925-01-01,94.859245
1925-02-01,152.35269
1925-03-01,146.12198
1925-04-01,64.9086
1925-05-01,124.288506
1925-06-01,205.41168
1925-07-01,79.59413
1925-08-01,57.946175
1925-09-01,10.0141325
1925-10-01,14.192619
1925-11-01,142.47485
1925-12-01,106.95297
1926-01-01,53.17181
1926-02-01,192.41348
1926-03-01,68.91914
1926-04-01,93.79856
1926-05-01,198.08089
1926-06-01,218.94922
1926-07-01,40.51252
1926-08-01,144.75357
1926-09-01,41.75058
1926-10-01,88.78015
1926-11-01,107.67831
1926-12-01,86.2788
1927-01-01,95.36331
1927-02-01,152.33873
1927-03-01,195.88724
1927-04-01,219.7091
1927-05-01,128.2757
1927-06-01,100.20026
1927-07-01,63.885513
1927-08-01,109.697044
1927-09-01,38.203842
1927-10-01,14.257181
1927-11-01,33.210384
1927-12-01,130.06995
1928-01-01,117.163445
1928-02-01,40.158047
1928-03-01,50.35752
1928-04-01,233.82391
1928-05-01,103.632065
1928-06-01,65.24685
1928-07-01,223.78336
1928-08-01,92.54961
1928-09-01,37.480217
1928-10-01,285.00565
1928-11-01,32.71941
1928-12-01,50.865456
1929-01-01,118.87632
1929-02-01,116.70439
1929-03-01,88.863174
1929-04-01,126.71292
1929-05-01,114.96368
1929-06-01,108.6552
1929-07-01,154.08107
1929-08-01,53.541275
1929-09-01,32.068386
1929-10-01,43.59626
1929-11-01,110.58391
1929-12-01,114.38873
1930-01-01,248.9879
1930-02-01,113.854706
1930-03-01,25.839012
1930-04-01,58.626724
1930-05-01,176.46802
1930-06-01,193.89433
1930-07-01,210.65898
1930-08-01,92.64556
1930-09-01,107.14112
1930-10-01,31.11529
1930-11-01,66.38734
1930-12-01,30.86772
1931-01-01,271.76367
1931-02-01,3.749076
1931-03-01,117.61066
1931-04-01,159.20206
1931-05-01,144.99678
1931-06-01,116.532936
1931-07-01,85.60981
1931-08-01,182.68495
1931-09-01,81.93579
1931-10-01,113.45946
1931-11-01,85.213
1931-12-01,34.383877
1932-01-01,13.991568
1932-02-01,78.653076
1932-03-01,169.65692
1932-04-01,104.86626
1932-05-01,203.50378
1932-06-01,19.892754
1932-07-01,100.991
1932-08-01,121.66272
1932-09-01,61.147854
1932-10-01,126.00491
1932-11-01,29.541752
1932-12-01,60.78975
1933-01-01,93.54756
1933-02-01,65.35865
1933-03-01,101.647095
1933-04-01,84.18603
1933-05-01,160.44873
1933-06-01,142.555
1933-07-01,154.70787
1933-08-01,98.165085
1933-09-01,53.03456
1933-10-01,44.230747
1933-11-01,110.80095
1933-12-01,47.09823
1934-01-01,40.589584
1934-02-01,44.98738
1934-03-01,100.17406
1934-04-01,39.944874
1934-05-01,102.39641
1934-06-01,160.69025
1934-07-01,96.45864
1934-08-01,25.569424
1934-09-01,43.9952
1934-10-01,19.12287
1934-11-01,64.82471
1934-12-01,153.05487
1935-01-01,48.56685
1935-02-01,29.00045
1935-03-01,120.575874
1935-04-01,39.992386
1935-05-01,96.714386
1935-06-01,175.24005
1935-07-01,51.556717
1935-08-01,133.61911
1935-09-01,146.72069
1935-10-01,74.32734
1935-11-01,131.0805
1935-12-01,128.3692
1936-01-01,98.01335
1936-02-01,51.317722
1936-03-01,39.390823
1936-04-01,91.34433
1936-05-01,45.064114
1936-06-01,196.68985
1936-07-01,89.82554
1936-08-01,116.64353
1936-09-01,22.665266
1936-10-01,95.920425
1936-11-01,91.88259
1936-12-01,29.133224
1937-01-01,200.14584
1937-02-01,128.42227
1937-03-01,73.007935
1937-04-01,114.612495
1937-05-01,67.197235
1937-06-01,55.862556
1937-07-01,67.93637
1937-08-01,112.47428
1937-09-01,39.450726
1937-10-01,124.12603
1937-11-01,96.505875
1937-12-01,47.387413
1938-01-01,25.662825
1938-02-01,52.11293
1938-03-01,70.79215
1938-04-01,114.27054
1938-05-01,133.10736
1938-06-01,233.07822
1938-07-01,37.60387
1938-08-01,29.752499
1938-09-01,97.21449
1938-10-01,126.55698
1938-11-01,50.703545
1938-12-01,82.50751
1939-01-01,242.51923
1939-02-01,143.89212
1939-03-01,70.697296
1939-04-01,81.09455
1939-05-01,165.46524
1939-06-01,169.29094
1939-07-01,114.01657
1939-08-01,94.583954
1939-09-01,35.375717
1939-10-01,110.61063
1939-11-01,145.50139
1939-12-01,72.68705
1940-01-01,37.0021
1940-02-01,40.520763
1940-03-01,127.47958
1940-04-01,118.48479
1940-05-01,56.216618
1940-06-01,70.04772
1940-07-01,259.04355
1940-08-01,116.78617
1940-09-01,120.75003
1940-10-01,173.67773
1940-11-01,16.874119
1940-12-01,66.48288
1941-01-01,206.12856
1941-02-01,63.390762
1941-03-01,150.76018
1941-04-01,138.23024
1941-05-01,160.08011
1941-06-01,68.62128
1941-07-01,149.60884
1941-08-01,83.26997
1941-09-01,95.41886
1941-10-01,27.213428
1941-11-01,62.945793
1941-12-01,78.34325
1942-01-01,46.45128
1942-02-01,144.60457
1942-03-01,101.44177
1942-04-01,85.46183
1942-05-01,166.56978
1942-06-01,27.745026
1942-07-01,167.05899
1942-08-01,91.891495
1942-09-01,35.54244
1942-10-01,111.336426
1942-11-01,53.351524
1942-12-01,74.40519
1943-01-01,73.00294
1943-02-01,113.66272
1943-03-01,142.66418
1943-04-01,72.17789
1943-05-01,62.956123
1943-06-01,175.43506
1943-07-01,89.68962
1943-08-01,186.1839
1943-09-01,48.682503
1943-10-01,124.73967
1943-11-01,95.721634
1943-12-01,125.5051
1944-01-01,146.11497
1944-02-01,70.3128
1944-03-01,77.13847
1944-04-01,75.46422
1944-05-01,55.545124
1944-06-01,230.4287
1944-07-01,213.84244
1944-08-01,93.492035
1944-09-01,15.447126
1944-10-01,91.06198
1944-11-01,57.583714
1944-12-01,75.68272
1945-01-01,131.91309
1945-02-01,95.78062
1945-03-01,62.144485
1945-04-01,194.04367
1945-05-01,90.13162
1945-06-01,61.32776
1945-07-01,14.066124
1945-08-01,24.72446
1945-09-01,81.56972
1945-10-01,61.18652
1945-11-01,52.944324
1945-12-01,49.210907
1946-01-01,77.457855
1946-02-01,103.36243
1946-03-01,140.96693
1946-04-01,46.564293
1946-05-01,83.51632
1946-06-01,49.039642
1946-07-01,109.4046
1946-08-01,303.11505
1946-09-01,154.05817
1946-10-01,97.50908
1946-11-01,90.037605
1946-12-01,17.65055
1947-01-01,32.63024
1947-02-01,74.19343
1947-03-01,85.39649
1947-04-01,91.22285
1947-05-01,91.57747
1947-06-01,86.08315
1947-07-01,99.2483
1947-08-01,21.895533
1947-09-01,80.98181
1947-10-01,100.72176
1947-11-01,38.525703
1947-12-01,49.231346
1948-01-01,76.7428
1948-02-01,70.72206
1948-03-01,91.90769
1948-04-01,86.20942
1948-05-01,73.73001
1948-06-01,86.12638
1948-07-01,196.20949
1948-08-01,193.54962
1948-09-01,95.87137
1948-10-01,61.100044
1948-11-01,57.51152
1948-12-01,10.1306305
1949-01-01,140.13017
1949-02-01,65.7077
1949-03-01,68.29526
1949-04-01,177.03246
1949-05-01,140.1034
1949-06-01,102.70994
1949-07-01,246.22203
1949-08-01,58.99121
1949-09-01,50.780075
1949-10-01,116.18884
1949-11-01,61.368843
1949-12-01,28.64105
1950-01-01,93.60834
1950-02-01,98.23105
1950-03-01,40.15868
1950-04-01,131.3956
1950-05-01,79.34494
1950-06-01,62.666763
1950-07-01,71.39443
1950-08-01,151.53708
1950-09-01,47.641903
1950-10-01,41.724854
1950-11-01,93.03166
1950-12-01,83.91709
1951-01-01,69.17666
1951-02-01,93.72978
1951-03-01,33.33212
1951-04-01,56.806843
1951-05-01,60.5993
1951-06-01,74.756516
1951-07-01,86.10875
1951-08-01,130.48709
1951-09-01,82.19514
1951-10-01,13.054056
1951-11-01,59.428238
1951-12-01,57.25465
1952-01-01,152.15814
1952-02-01,49.1807
1952-03-01,155.9927
1952-04-01,65.650406
1952-05-01,49.16443
1952-06-01,20.581224
1952-07-01,39.750008
1952-08-01,87.92922
1952-09-01,110.30352
1952-10-01,59.095047
1952-11-01,158.56021
1952-12-01,44.388996
1953-01-01,140.03232
1953-02-01,148.15985
1953-03-01,92.78444
1953-04-01,51.649292
1953-05-01,51.433655
1953-06-01,133.85898
1953-07-01,106.70155
1953-08-01,169.16779
1953-09-01,182.1701
1953-10-01,91.55019
1953-11-01,66.85964
1953-12-01,70.740616
1954-01-01,121.04028
1954-02-01,137.82082
1954-03-01,41.546368
1954-04-01,159.88277
1954-05-01,214.37204
1954-06-01,36.371803
1954-07-01,130.04689
1954-08-01,140.98164
1954-09-01,98.82942
1954-10-01,41.58007
1954-11-01,58.70222
1954-12-01,96.86667
1955-01-01,31.652714
1955-02-01,61.61278
1955-03-01,45.889214
1955-04-01,151.07889
1955-05-01,105.197266
1955-06-01,68.312675
1955-07-01,151.82184
1955-08-01,106.97979
1955-09-01,20.315166
1955-10-01,17.900013
1955-11-01,44.71025
1955-12-01,88.45244
1956-01-01,210.80148
1956-02-01,33.37571
1956-03-01,89.58442
1956-04-01,179.65187
1956-05-01,80.65432
1956-06-01,80.06116
1956-07-01,30.66126
1956-08-01,82.19217
1956-09-01,50.77446
1956-10-01,2.2639542
1956-11-01,89.537445
1956-12-01,91.24091
1957-01-01,159.03537
1957-02-01,93.45397
1957-03-01,50.246758
1957-04-01,50.797535
1957-05-01,91.0164
1957-06-01,83.110725
1957-07-01,99.463844
1957-08-01,57.817657
1957-09-01,30.586578
1957-10-01,25.557253
1957-11-01,24.757504
1957-12-01,66.225655
1958-01-01,44.501778
1958-02-01,34.48298
1958-03-01,199.07782
1958-04-01,56.12527
1958-05-01,93.69051
1958-06-01,66.56621
1958-07-01,15.17308
1958-08-01,62.05088
1958-09-01,113.12708
1958-10-01,63.23138
1958-11-01,43.581818
1958-12-01,80.13331
1959-01-01,108.59875
1959-02-01,141.262
1959-03-01,91.23505
1959-04-01,86.467384
1959-05-01,148.11185
1959-06-01,137.25467
1959-07-01,80.02334
1959-08-01,127.82904
1959-09-01,23.697672
1959-10-01,77.838356
1959-11-01,76.88045
1959-12-01,143.50404
1960-01-01,72.095726
1960-02-01,49.73938
1960-03-01,150.6886
1960-04-01,75.61654
1960-05-01,108.45488
1960-06-01,126.856384
1960-07-01,115.620705
1960-08-01,29.028305
1960-09-01,87.1553
1960-10-01,109.72648
1960-11-01,35.69964
1960-12-01,38.122604
1961-01-01,62.646725
1961-02-01,119.08658
1961-03-01,70.80675
1961-04-01,96.8059
1961-05-01,117.19758
1961-06-01,162.25922
1961-07-01,93.749664
1961-08-01,135.16573
1961-09-01,168.34477
1961-10-01,179.8573
1961-11-01,136.38037
1961-12-01,91.17204
1962-01-01,39.783424
1962-02-01,19.871552
1962-03-01,46.47826
1962-04-01,85.09334
1962-05-01,165.51575
1962-06-01,77.69119
1962-07-01,161.06493
1962-08-01,68.59185
1962-09-01,90.08057
1962-10-01,106.77778
1962-11-01,113.851845
1962-12-01,26.369576
1963-01-01,139.3276
1963-02-01,47.487404
1963-03-01,57.48992
1963-04-01,92.237206
1963-05-01,145.9317
1963-06-01,171.77026
1963-07-01,187.5327
1963-08-01,137.37773
1963-09-01,69.52036
1963-10-01,57.62346
1963-11-01,149.34604
1963-12-01,86.49233
1964-01-01,87.09911
1964-02-01,213.97562
1964-03-01,90.640686
1964-04-01,46.49849
1964-05-01,179.60608
1964-06-01,40.954914
1964-07-01,78.583084
1964-08-01,27.44907
1964-09-01,10.863649
1964-10-01,144.01692
1964-11-01,52.768322
1964-12-01,101.99669
1965-01-01,126.84756
1965-02-01,134.56009
1965-03-01,139.87677
1965-04-01,61.138634
1965-05-01,162.50739
1965-06-01,84.17954
1965-07-01,96.70005
1965-08-01,131.19452
1965-09-01,112.56038
1965-10-01,52.059097
1965-11-01,40.348156
1965-12-01,33.748455
1966-01-01,58.332836
1966-02-01,139.76468
1966-03-01,94.23369
1966-04-01,83.00511
1966-05-01,115.71185
1966-06-01,144.31053
1966-07-01,203.7848
1966-08-01,40.968544
1966-09-01,26.095484
1966-10-01,87.04562
1966-11-01,258.45523
1966-12-01,61.58676
1967-01-01,72.12778
1967-02-01,123.644714
1967-03-01,106.71592
1967-04-01,109.03227
1967-05-01,121.21247
1967-06-01,148.27208
1967-07-01,116.74402
1967-08-01,211.4721
1967-09-01,99.50328
1967-10-01,148.66534
1967-11-01,196.91063
1967-12-01,46.069496
1968-01-01,40.3972
1968-02-01,77.119995
1968-03-01,122.13912
1968-04-01,24.044817
1968-05-01,46.195007
1968-06-01,139.3992
1968-07-01,176.82202
1968-08-01,223.10553
1968-09-01,64.34307
1968-10-01,122.07615
1968-11-01,228.48772
1968-12-01,122.49924
1969-01-01,222.83044
1969-02-01,83.15353
1969-03-01,112.185394
1969-04-01,55.912285
1969-05-01,157.71516
1969-06-01,84.62952
1969-07-01,47.13594
1969-08-01,51.146866
1969-09-01,57.332333
1969-10-01,82.63494
1969-11-01,16.604752
1969-12-01,64.883156
1970-01-01,53.473022
1970-02-01,30.659874
1970-03-01,97.283325
1970-04-01,119.687965
1970-05-01,68.415634
1970-06-01,160.07639
1970-07-01,72.981926
1970-08-01,62.911064
1970-09-01,85.712326
1970-10-01,165.92557
1970-11-01,178.79971
1970-12-01,43.569492
1971-01-01,53.459633
1971-02-01,84.20972
1971-03-01,112.24852
1971-04-01,175.833
1971-05-01,71.800674
1971-06-01,159.87946
1971-07-01,44.869152
1971-08-01,143.17049
1971-09-01,77.854996
1971-10-01,102.967445
1971-11-01,126.26726
1971-12-01,63.37126
1972-01-01,25.445232
1972-02-01,80.41786
1972-03-01,267.77713
1972-04-01,247.86311
1972-05-01,66.116066
1972-06-01,160.70445
1972-07-01,200.37418
1972-08-01,85.91412
1972-09-01,72.95431
1972-10-01,127.9118
1972-11-01,96.63687
1972-12-01,28.974827
1973-01-01,14.928535
1973-02-01,218.7859
1973-03-01,62.649925
1973-04-01,82.92559
1973-05-01,113.25862
1973-06-01,40.988705
1973-07-01,39.75193
1973-08-01,40.145237
1973-09-01,36.92822
1973-10-01,57.149452
1973-11-01,151.28757
1973-12-01,36.508556
1974-01-01,71.57651
1974-02-01,61.999287
1974-03-01,81.21046
1974-04-01,111.22026
1974-05-01,142.74748
1974-06-01,23.394917
1974-07-01,110.70663
1974-08-01,206.32962
1974-09-01,54.266357
1974-10-01,140.6542
1974-11-01,47.874874
1974-12-01,88.71782
1975-01-01,17.72263
1975-02-01,119.32186
1975-03-01,84.01631
1975-04-01,50.120018
1975-05-01,52.45173
1975-06-01,100.41729
1975-07-01,76.46257
1975-08-01,58.342308
1975-09-01,13.300163
1975-10-01,189.6185
1975-11-01,69.571884
1975-12-01,82.516014
1976-01-01,59.413086
1976-02-01,34.088554
1976-03-01,45.976807
1976-04-01,108.26785
1976-05-01,128.16907
1976-06-01,82.29462
1976-07-01,61.681652
1976-08-01,104.28634
1976-09-01,42.63896
1976-10-01,62.585907
1976-11-01,144.60185
1976-12-01,49.41316
1977-01-01,21.496002
1977-02-01,134.97221
1977-03-01,150.7345
1977-04-01,84.73735
1977-05-01,138.7933
1977-06-01,64.47606
1977-07-01,57.83956
1977-08-01,146.11197
1977-09-01,137.19283
1977-10-01,145.8685
1977-11-01,57.429077
1977-12-01,57.17898
1978-01-01,82.12278
1978-02-01,26.56873
1978-03-01,93.33079
1978-04-01,79.49654
1978-05-01,196.14267
1978-06-01,88.33114
1978-07-01,108.30351
1978-08-01,50.57557
1978-09-01,145.95679
1978-10-01,73.154
1978-11-01,98.52794
1978-12-01,78.39305
1979-01-01,95.831024
1979-02-01,72.8031
1979-03-01,93.33641
1979-04-01,63.819733
1979-05-01,148.34608
1979-06-01,112.19498
1979-07-01,166.05458
1979-08-01,39.455643
1979-09-01,61.167572
1979-10-01,10.804226
1979-11-01,64.15641
1979-12-01,100.756744
1980-01-01,199.98996
1980-02-01,159.25159
1980-03-01,178.58762
1980-04-01,147.90808
1980-05-01,99.72459
1980-06-01,76.27284
1980-07-01,36.97342
1980-08-01,15.981474
1980-09-01,114.554794
1980-10-01,54.114216
1980-11-01,128.38028
1980-12-01,65.4202
1981-01-01,23.752235
1981-02-01,27.356379
1981-03-01,104.3375
1981-04-01,58.09375
1981-05-01,50.996624
1981-06-01,273.9144
1981-07-01,67.84945
1981-08-01,119.65108
1981-09-01,170.09973
1981-10-01,124.242256
1981-11-01,152.4603
1981-12-01,42.719337
1982-01-01,68.25397
1982-02-01,29.631771
1982-03-01,111.18851
1982-04-01,117.376434
1982-05-01,69.39848
1982-06-01,55.50432
1982-07-01,117.070076
1982-08-01,178.35149
1982-09-01,15.409037
1982-10-01,36.54293
1982-11-01,20.337696
1982-12-01,55.971054
1983-01-01,55.216408
1983-02-01,48.753704
1983-03-01,123.323166
1983-04-01,168.16487
1983-05-01,107.959175
1983-06-01,178.01965
1983-07-01,26.51714
1983-08-01,50.73767
1983-09-01,88.14305
1983-10-01,101.515305
1983-11-01,65.71528
1983-12-01,36.43404
1984-01-01,40.860626
1984-02-01,89.98747
1984-03-01,76.77461
1984-04-01,133.85829
1984-05-01,139.96086
1984-06-01,93.28212
1984-07-01,24.979261
1984-08-01,313.80823
1984-09-01,111.56353
1984-10-01,53.69217
1984-11-01,135.30911
1984-12-01,151.87851
1985-01-01,141.85843
1985-02-01,139.14394
1985-03-01,124.2739
1985-04-01,139.60614
1985-05-01,64.30773
1985-06-01,156.41087
1985-07-01,141.997
1985-08-01,128.71265
1985-09-01,101.80876
1985-10-01,105.69971
1985-11-01,11.205095
1985-12-01,146.52
1986-01-01,188.24129
1986-02-01,70.0447
1986-03-01,55.522545
1986-04-01,94.08505
1986-05-01,76.85934
1986-06-01,29.33293
1986-07-01,62.277893
1986-08-01,119.2213
1986-09-01,108.990005
1986-10-01,37.914722
1986-11-01,136.0031
1986-12-01,118.948845
1987-01-01,149.65976
1987-02-01,67.36197
1987-03-01,88.01772
1987-04-01,58.575623
1987-05-01,133.7866
1987-06-01,34.82298
1987-07-01,90.490234
1987-08-01,48.470062
1987-09-01,45.161118
1987-10-01,38.50569
1987-11-01,78.03575
1987-12-01,55.14498
1988-01-01,71.6792
1988-02-01,48.06222
1988-03-01,165.35977
1988-04-01,199.58984
1988-05-01,91.3777
1988-06-01,145.3887
1988-07-01,164.2547
1988-08-01,72.75833
1988-09-01,76.89056
1988-10-01,4.524597
1988-11-01,47.774048
1988-12-01,85.12762
1989-01-01,35.8742
1989-02-01,128.6122
1989-03-01,242.31259
1989-04-01,69.91943
1989-05-01,157.60915
1989-06-01,88.41858
1989-07-01,181.22238
1989-08-01,98.08266
1989-09-01,49.140625
1989-10-01,90.21922
1989-11-01,52.655483
1989-12-01,36.79162
1990-01-01,24.30175
1990-02-01,139.8646
1990-03-01,39.543766
1990-04-01,155.80289
1990-05-01,120.75772
1990-06-01,161.76082
1990-07-01,129.92824
1990-08-01,20.460873
1990-09-01,105.417564
1990-10-01,17.060436
1990-11-01,39.098495
1990-12-01,130.99431
1991-01-01,30.711658
1991-02-01,42.1444
1991-03-01,156.25012
1991-04-01,139.91026
1991-05-01,167.64594
1991-06-01,125.160385
1991-07-01,76.2153
1991-08-01,42.5912
1991-09-01,52.49729
1991-10-01,36.209084
1991-11-01,58.590527
1991-12-01,49.45384
1992-01-01,108.08439
1992-02-01,41.628662
1992-03-01,41.57412
1992-04-01,135.97284
1992-05-01,151.95712
1992-06-01,210.84248
1992-07-01,120.92293
1992-08-01,74.58238
1992-09-01,164.61397
1992-10-01,52.744072
1992-11-01,62.381256
1992-12-01,107.21609
1993-01-01,84.91473
1993-02-01,63.56528
1993-03-01,25.807552
1993-04-01,82.33277
1993-05-01,84.14393
1993-06-01,199.38289
1993-07-01,167.68286
1993-08-01,49.44171
1993-09-01,55.508762
1993-10-01,110.62497
1993-11-01,50.49135
1993-12-01,56.168427
1994-01-01,68.29427
1994-02-01,142.30392
1994-03-01,122.72568
1994-04-01,103.39653
1994-05-01,115.29279
1994-06-01,96.08092
1994-07-01,136.57373
1994-08-01,20.935
1994-09-01,65.08301
1994-10-01,173.38707
1994-11-01,40.24661
1994-12-01,62.65829
1995-01-01,85.507195
1995-02-01,40.75834
1995-03-01,73.15669
1995-04-01,67.51388
1995-05-01,184.66455
1995-06-01,192.08292
1995-07-01,145.61823
1995-08-01,59.89468
1995-09-01,168.92535
1995-10-01,120.41142
1995-11-01,77.70302
1995-12-01,80.25215
1996-01-01,86.413086
1996-02-01,24.770588
1996-03-01,211.40903
1996-04-01,117.57355
1996-05-01,88.68192
1996-06-01,38.666653
1996-07-01,104.28203
1996-08-01,23.098856
1996-09-01,45.669167
1996-10-01,151.83493
1996-11-01,106.450226
1996-12-01,64.90462
1997-01-01,50.416046
1997-02-01,66.27853
1997-03-01,106.062836
1997-04-01,123.645096
1997-05-01,118.055145
1997-06-01,183.18109
1997-07-01,168.47366
1997-08-01,62.62755
1997-09-01,47.581253
1997-10-01,121.520195
1997-11-01,103.05874
1997-12-01,132.47417
1998-01-01,175.16153
1998-02-01,181.7273
1998-03-01,90.24489
1998-04-01,51.92307
1998-05-01,132.51317
1998-06-01,88.46598
1998-07-01,96.4996
1998-08-01,50.326225
1998-09-01,11.997048
1998-10-01,44.049892
1998-11-01,68.852
1998-12-01,77.58094
1999-01-01,54.523296
1999-02-01,100.727875
1999-03-01,79.51861
1999-04-01,89.81927
1999-05-01,178.01643
1999-06-01,76.578896
1999-07-01,81.33772
1999-08-01,162.38394
1999-09-01,20.3997
1999-10-01,78.001465
1999-11-01,116.95264
1999-12-01,62.697464
2000-01-01,68.3489
2000-02-01,82.40616
2000-03-01,95.32339
2000-04-01,64.033875
2000-05-01,128.40894
2000-06-01,152.50723
2000-07-01,40.81417
2000-08-01,38.57006
2000-09-01,39.036575
2000-10-01,146.14774
2000-11-01,147.0889
2000-12-01,83.62062
2001-01-01,96.48505
2001-02-01,160.37305
2001-03-01,70.91262
2001-04-01,73.05528
2001-05-01,80.43013
2001-06-01,121.936844
2001-07-01,118.122986
2001-08-01,95.78398
2001-09-01,97.93273
2001-10-01,28.318962
2001-11-01,214.28294
2001-12-01,110.9553
2002-01-01,44.148273
2002-02-01,93.02951
2002-03-01,103.806946
2002-04-01,78.909225
2002-05-01,132.85475
2002-06-01,50.61517
2002-07-01,57.333405
2002-08-01,83.65288
2002-09-01,146.71823
2002-10-01,103.7591
2002-11-01,14.842974
2002-12-01,74.03458
2003-01-01,144.68262
2003-02-01,37.711353
2003-03-01,69.99631
2003-04-01,119.85634
2003-05-01,45.85182
2003-06-01,59.35841
2003-07-01,90.48439
2003-08-01,53.872543
2003-09-01,69.46103
2003-10-01,46.974678
2003-11-01,111.43969
2003-12-01,44.34453
2004-01-01,24.614048
2004-02-01,30.434067
2004-03-01,67.37309
2004-04-01,60.320618
2004-05-01,122.52304
2004-06-01,126.34863
2004-07-01,165.81853
2004-08-01,100.80739
2004-09-01,84.689896
2004-10-01,37.57751
2004-11-01,89.473755
2004-12-01,37.531807
2005-01-01,95.83
2005-02-01,153.31213
2005-03-01,105.65176
2005-04-01,73.35147
2005-05-01,99.02986
2005-06-01,41.0682
2005-07-01,148.78378
2005-08-01,41.536194
2005-09-01,40.281654
2005-10-01,85.261444
2005-11-01,58.094128
2005-12-01,93.460724
2006-01-01,162.25873
2006-02-01,90.49012
2006-03-01,118.111
2006-04-01,99.84107
2006-05-01,133.4693
2006-06-01,133.64265
2006-07-01,124.97008
2006-08-01,43.441727
2006-09-01,36.073853
2006-10-01,52.369297
2006-11-01,136.4967
2006-12-01,62.78154
2007-01-01,26.758234
2007-02-01,72.033936
2007-03-01,110.02049
2007-04-01,151.96085
2007-05-01,224.80585
2007-06-01,43.44765
2007-07-01,65.60143
2007-08-01,151.8493
2007-09-01,18.86515
2007-10-01,37.24205
2007-11-01,24.269157
2007-12-01,48.08089
2008-01-01,38.92964
2008-02-01,135.72002
2008-03-01,145.70775
2008-04-01,58.67009
2008-05-01,115.77313
2008-06-01,16.663439
2008-07-01,148.56137
2008-08-01,173.99126
2008-09-01,105.64641
2008-10-01,203.98105
2008-11-01,94.41805
2008-12-01,118.671684
2009-01-01,63.619946
2009-02-01,118.68092
2009-03-01,100.89568
2009-04-01,185.55621
2009-05-01,30.943874
2009-06-01,92.27725
2009-07-01,69.21936
2009-08-01,157.02754
2009-09-01,126.45999
2009-10-01,19.901628
2009-11-01,69.93706
2009-12-01,59.112213
2010-01-01,54.181202
2010-02-01,30.81031
2010-03-01,87.37737
2010-04-01,123.503555
2010-05-01,50.211346
2010-06-01,77.34891
2010-07-01,190.20522
2010-08-01,102.57443
2010-09-01,127.56655
2010-10-01,152.44705
2010-11-01,96.95798
2010-12-01,55.117878
2011-01-01,131.85126
2011-02-01,37.864082
2011-03-01,116.55597
2011-04-01,181.33913
2011-05-01,157.1565
2011-06-01,144.78323
2011-07-01,29.244734
2011-08-01,176.29378
2011-09-01,40.04805
2011-10-01,69.05901
2011-11-01,148.42798
2011-12-01,66.22539
2012-01-01,75.22627
2012-02-01,36.04774
2012-03-01,21.408463
2012-04-01,112.594055
2012-05-01,82.2852
2012-06-01,108.68329
2012-07-01,131.88708
2012-08-01,141.51846
2012-09-01,24.087292
2012-10-01,94.54049
2012-11-01,89.16409
2012-12-01,58.785343
2013-01-01,108.493195
2013-02-01,35.600388
2013-03-01,40.936302
2013-04-01,65.33803
2013-05-01,203.84534
2013-06-01,59.366516
2013-07-01,79.93859
2013-08-01,103.59978
2013-09-01,22.481544
2013-10-01,113.19479
2013-11-01,59.920303
2013-12-01,120.96334
2014-01-01,69.3871
2014-02-01,114.02711
2014-03-01,101.32764
2014-04-01,110.487885
2014-05-01,69.415054
2014-06-01,161.94653
2014-07-01,84.861206
2014-08-01,78.73874
2014-09-01,33.735886
2014-10-01,84.735886
2014-11-01,45.229553
2014-12-01,159.65634
2015-01-01,65.67694
2015-02-01,217.82455
2015-03-01,57.215096
2015-04-01,94.62019
2015-05-01,163.9575
2015-06-01,49.728546
2015-07-01,101.58327
2015-08-01,25.778805
2015-09-01,147.49713
2015-10-01,28.669344
2015-11-01,85.4418
2015-12-01,93.242744
2016-01-01,92.9307
2016-02-01,42.40745
2016-03-01,69.04304
2016-04-01,114.43251
2016-05-01,110.65933
2016-06-01,111.17131
2016-07-01,175.34908
2016-08-01,93.27229
2016-09-01,5.369753
2016-10-01,216.9418
2016-11-01,76.32596
2016-12-01,189.13127
2017-01-01,147.24167
2017-02-01,103.58699
2017-03-01,157.296
2017-04-01,88.46531
2017-05-01,41.329674
2017-06-01,86.266594
2017-07-01,184.59915
2017-08-01,90.95487
2017-09-01,98.84467
2017-10-01,83.408714
2017-11-01,69.360825
2017-12-01,93.89119
2018-01-01,295.06256
2018-02-01,150.40016
2018-03-01,129.99594
2018-04-01,73.594864
2018-05-01,87.65222
2018-06-01,184.09074
2018-07-01,41.03724
2018-08-01,135.693
2018-09-01,142.99693
2018-10-01,247.89359
2018-11-01,65.10341
2018-12-01,59.17992
2019-01-01,61.76174
2019-02-01,15.482402
2019-03-01,58.781357
2019-04-01,161.95627
2019-05-01,91.530106
2019-06-01,135.76999
2019-07-01,126.81094
2019-08-01,112.185776
2019-09-01,101.80386
2019-10-01,118.77111
2019-11-01,89.90996
2019-12-01,63.871513
2020-01-01,168.11551
2020-02-01,93.46609
2020-03-01,51.97663
2020-04-01,90.0039
2020-05-01,71.656364
2020-06-01,75.55973
2020-07-01,130.32088
2020-08-01,57.27092
2020-09-01,105.50486
2020-10-01,77.66764
2020-11-01,124.37503
2020-12-01,143.47293
2021-01-01,94.31515
2021-02-01,122.27617
2021-03-01,73.28977
2021-04-01,142.34303
2021-05-01,87.64374
2021-06-01,145.08623
2021-07-01,54.110954
2021-08-01,145.70538
2021-09-01,45.460854
2021-10-01,120.74606
2021-11-01,104.46068
2021-12-01,107.15656
2022-01-01,72.18556
2022-02-01,106.551926
2022-03-01,85.13483
2022-04-01,182.42946
2022-05-01,89.85101
2022-06-01,187.98383
2022-07-01,113.05701
2022-08-01,151.1998
2022-09-01,180.22417
2022-10-01,109.091385
2022-11-01,158.43552
2022-12-01,71.33074
2023-01-01,185.35382
2023-02-01,39.324486
2023-03-01,109.51096
2023-04-01,39.40359
2023-05-01,113.78828
2023-06-01,63.839478
2023-07-01,42.43594
2023-08-01,199.7794
2023-09-01,135.81944
2023-10-01,43.60456
2023-11-01,75.467766
2023-12-01,44.583252
2024-01-01,157.26537
2024-02-01,153.05899
2024-03-01,88.57071
2024-04-01,133.548
2024-05-01,198.12868
2024-06-01,122.342896
2024-07-01,195.29651
2024-08-01,117.24413
2024-09-01,42.01146
2024-10-01,58.10103
2024-11-01,69.73445
2024-12-01,33.034317
2025-01-01,31.641539
2025-02-01,57.148556
2025-03-01,83.63257
2025-04-01,66.83237
2025-05-01,41.748035
2025-06-01,107.326416
2025-07-01,63.111416
2025-08-01,98.481674
2025-09-01,62.602055
2025-10-01,32.60815
2025-11-01,19.132668
2025-12-01,74.882706
2026-01-01,199.85973
2026-02-01,143.73927
2026-03-01,29.302303
2026-04-01,105.90833
2026-05-01,125.74805
2026-06-01,114.83063
2026-07-01,103.57302
2026-08-01,139.53204
2026-09-01,27.960714
2026-10-01,109.08644
2026-11-01,125.273506
2026-12-01,142.02348
2027-01-01,38.923027
2027-02-01,75.92051
2027-03-01,276.8266
2027-04-01,79.2883
2027-05-01,205.00645
2027-06-01,84.77141
2027-07-01,82.150604
2027-08-01,99.37389
2027-09-01,35.37662
2027-10-01,68.34282
2027-11-01,56.13979
2027-12-01,167.8205
2028-01-01,142.98293
2028-02-01,41.501884
2028-03-01,77.37262
2028-04-01,93.7009
2028-05-01,137.12112
2028-06-01,50.742706
2028-07-01,50.64998
2028-08-01,63.602005
2028-09-01,64.56734
2028-10-01,71.32304
2028-11-01,173.20639
2028-12-01,61.60364
2029-01-01,71.562355
2029-02-01,83.3489
2029-03-01,37.681812
2029-04-01,105.45716
2029-05-01,109.58889
2029-06-01,100.79835
2029-07-01,46.60605
2029-08-01,115.48438
2029-09-01,54.827305
2029-10-01,69.97389
2029-11-01,90.268555
2029-12-01,54.91052
2030-01-01,215.06467
2030-02-01,89.64685
2030-03-01,61.95947
2030-04-01,123.2194
2030-05-01,28.77577
2030-06-01,220.48795
2030-07-01,113.05516
2030-08-01,138.0717
2030-09-01,62.43764
2030-10-01,101.37157
2030-11-01,41.79779
2030-12-01,118.45778
2031-01-01,65.46483
2031-02-01,88.901405
2031-03-01,73.12966
2031-04-01,51.23783
2031-05-01,165.18521
2031-06-01,38.858032
2031-07-01,189.81499
2031-08-01,86.849365
2031-09-01,59.783844
2031-10-01,25.107595
2031-11-01,45.186333
2031-12-01,69.227646
2032-01-01,63.46015
2032-02-01,131.64671
2032-03-01,32.666683
2032-04-01,154.8341
2032-05-01,114.82033
2032-06-01,126.53407
2032-07-01,90.44337
2032-08-01,96.61454
2032-09-01,143.67618
2032-10-01,88.886635
2032-11-01,163.5816
2032-12-01,118.52414
2033-01-01,96.48325
2033-02-01,35.537495
2033-03-01,71.13727
2033-04-01,134.23392
2033-05-01,140.93164
2033-06-01,166.86053
2033-07-01,128.96687
2033-08-01,231.08926
2033-09-01,156.84105
2033-10-01,90.91966
2033-11-01,107.857666
2033-12-01,99.05388
2034-01-01,68.658714
2034-02-01,99.97868
2034-03-01,78.73853
2034-04-01,76.646255
2034-05-01,120.059746
2034-06-01,78.3412
2034-07-01,162.32303
2034-08-01,49.96941
2034-09-01,56.387085
2034-10-01,143.96136
2034-11-01,243.06306
2034-12-01,80.61118
2035-01-01,108.02991
2035-02-01,73.89017
2035-03-01,129.60689
2035-04-01,152.61334
2035-05-01,161.02481
2035-06-01,49.435013
2035-07-01,40.68862
2035-08-01,46.380188
2035-09-01,6.4676642
2035-10-01,4.337016
2035-11-01,102.643
2035-12-01,66.299545
2036-01-01,65.45695
2036-02-01,58.185085
2036-03-01,34.83304
2036-04-01,213.42703
2036-05-01,198.55818
2036-06-01,58.64897
2036-07-01,147.90028
2036-08-01,79.69116
2036-09-01,164.39508
2036-10-01,85.57317
2036-11-01,31.656841
2036-12-01,79.86578
2037-01-01,55.022163
2037-02-01,111.280396
2037-03-01,50.11071
2037-04-01,42.427284
2037-05-01,40.958797
2037-06-01,229.823
2037-07-01,99.02519
2037-08-01,207.522
2037-09-01,100.69291
2037-10-01,41.596485
2037-11-01,261.24698
2037-12-01,17.647263
2038-01-01,48.086693
2038-02-01,28.435993
2038-03-01,286.99014
2038-04-01,144.05495
2038-05-01,95.804596
2038-06-01,115.66251
2038-07-01,100.72953
2038-08-01,79.50598
2038-09-01,39.10339
2038-10-01,74.55582
2038-11-01,209.90097
2038-12-01,64.33953
2039-01-01,164.6093
2039-02-01,28.145735
2039-03-01,103.13717
2039-04-01,232.19766
2039-05-01,141.21875
2039-06-01,207.52672
2039-07-01,126.709564
2039-08-01,152.94867
2039-09-01,39.13353
2039-10-01,158.0589
2039-11-01,95.255936
2039-12-01,98.649315
2040-01-01,35.94123
2040-02-01,269.30984
2040-03-01,116.14456
2040-04-01,34.058613
2040-05-01,153.42912
2040-06-01,167.68881
2040-07-01,112.27574
2040-08-01,52.254143
2040-09-01,29.230068
2040-10-01,35.99087
2040-11-01,131.04282
2040-12-01,24.890108
2041-01-01,81.27394
2041-02-01,72.16265
2041-03-01,172.26013
2041-04-01,183.21739
2041-05-01,216.81314
2041-06-01,288.0268
2041-07-01,47.395817
2041-08-01,40.0567
2041-09-01,36.36788
2041-10-01,64.29189
2041-11-01,113.24516
2041-12-01,46.234383
2042-01-01,78.02373
2042-02-01,169.05025
2042-03-01,221.48909
2042-04-01,71.53617
2042-05-01,105.39864
2042-06-01,35.064053
2042-07-01,175.55249
2042-08-01,165.21175
2042-09-01,105.36588
2042-10-01,124.624725
2042-11-01,100.67452
2042-12-01,90.84181
2043-01-01,177.92542
2043-02-01,109.95763
2043-03-01,72.666794
2043-04-01,87.40802
2043-05-01,116.008865
2043-06-01,94.11146
2043-07-01,18.803692
2043-08-01,86.87914
2043-09-01,75.92833
2043-10-01,102.40498
2043-11-01,90.643295
2043-12-01,62.917305
2044-01-01,55.668922
2044-02-01,138.01799
2044-03-01,127.78332
2044-04-01,144.12637
2044-05-01,131.14188
2044-06-01,79.6836
2044-07-01,182.6242
2044-08-01,186.05605
2044-09-01,82.91353
2044-10-01,40.69763
2044-11-01,62.622227
2044-12-01,48.256577
2045-01-01,31.295784
2045-02-01,67.538506
2045-03-01,64.77705
2045-04-01,98.62929
2045-05-01,147.76537
2045-06-01,158.837
2045-07-01,212.84062
2045-08-01,172.96613
2045-09-01,140.79689
2045-10-01,46.399067
2045-11-01,176.15608
2045-12-01,101.50101
2046-01-01,145.76306
2046-02-01,118.10447
2046-03-01,78.80805
2046-04-01,100.46306
2046-05-01,125.806076
2046-06-01,77.52427
2046-07-01,105.2621
2046-08-01,81.33521
2046-09-01,74.929596
2046-10-01,26.981663
2046-11-01,23.914957
2046-12-01,50.026787
2047-01-01,111.448296
2047-02-01,59.98844
2047-03-01,35.453594
2047-04-01,124.8941
2047-05-01,61.386215
2047-06-01,141.32254
2047-07-01,57.9011
2047-08-01,275.28537
2047-09-01,171.46655
2047-10-01,192.67737
2047-11-01,56.47942
2047-12-01,45.22871
2048-01-01,32.137203
2048-02-01,137.23967
2048-03-01,84.05175
2048-04-01,172.59819
2048-05-01,128.95822
2048-06-01,153.92215
2048-07-01,274.98462
2048-08-01,132.70374
2048-09-01,14.119558
2048-10-01,31.061493
2048-11-01,104.556244
2048-12-01,110.48806
2049-01-01,69.99811
2049-02-01,77.206566
2049-03-01,93.10969
2049-04-01,134.61353
2049-05-01,112.25156
2049-06-01,132.74586
2049-07-01,37.068794
2049-08-01,101.615845
2049-09-01,169.03398
2049-10-01,82.11928
2049-11-01,87.38774
2049-12-01,53.761993
2050-01-01,72.970695
2050-02-01,139.25471
2050-03-01,59.374527
2050-04-01,110.793274
2050-05-01,57.628323
2050-06-01,120.02991
2050-07-01,150.19319
2050-08-01,175.69637
2050-09-01,118.4583
2050-10-01,43.83967
2050-11-01,134.99677
2050-12-01,105.437065
2051-01-01,109.41537
2051-02-01,130.9552
2051-03-01,105.70041
2051-04-01,148.83125
2051-05-01,72.882065
2051-06-01,120.35862
2051-07-01,170.33186
2051-08-01,111.01813
2051-09-01,20.870275
2051-10-01,62.42875
2051-11-01,162.57721
2051-12-01,81.20711
2052-01-01,123.46525
2052-02-01,99.12532
2052-03-01,112.727806
2052-04-01,92.81434
2052-05-01,73.77867
2052-06-01,72.59582
2052-07-01,117.355194
2052-08-01,140.89957
2052-09-01,75.1165
2052-10-01,65.46136
2052-11-01,88.627914
2052-12-01,62.907738
2053-01-01,95.47784
2053-02-01,104.15312
2053-03-01,104.307655
2053-04-01,188.49893
2053-05-01,167.93845
2053-06-01,238.75484
2053-07-01,83.54579
2053-08-01,178.7232
2053-09-01,25.843405
2053-10-01,123.06276
2053-11-01,187.67923
2053-12-01,95.54381
2054-01-01,36.55452
2054-02-01,36.978912
2054-03-01,136.20929
2054-04-01,145.60555
2054-05-01,110.98543
2054-06-01,63.613167
2054-07-01,173.5451
2054-08-01,83.888916
2054-09-01,121.77349
2054-10-01,112.75826
2054-11-01,109.258316
2054-12-01,98.88379
2055-01-01,115.399796
2055-02-01,54.0222
2055-03-01,71.003746
2055-04-01,76.24132
2055-05-01,153.37184
2055-06-01,92.96364
2055-07-01,148.13258
2055-08-01,75.78981
2055-09-01,55.125076
2055-10-01,90.57863
2055-11-01,127.30289
2055-12-01,129.74506
2056-01-01,20.83998
2056-02-01,42.92498
2056-03-01,138.77399
2056-04-01,140.75198
2056-05-01,120.38837
2056-06-01,74.35675
2056-07-01,82.27559
2056-08-01,98.02075
2056-09-01,36.75869
2056-10-01,56.25599
2056-11-01,69.8078
2056-12-01,92.763176
2057-01-01,136.68073
2057-02-01,69.94427
2057-03-01,104.85989
2057-04-01,93.45353
2057-05-01,160.30937
2057-06-01,27.757893
2057-07-01,16.674541
2057-08-01,38.92135
2057-09-01,133.7985
2057-10-01,19.523603
2057-11-01,113.72473
2057-12-01,129.42043
2058-01-01,44.291046
2058-02-01,77.18638
2058-03-01,130.2626
2058-04-01,101.36682
2058-05-01,78.09084
2058-06-01,148.00288
2058-07-01,212.35352
2058-08-01,93.38162
2058-09-01,156.82327
2058-10-01,42.029556
2058-11-01,153.604
2058-12-01,139.34285
2059-01-01,155.42099
2059-02-01,166.72585
2059-03-01,77.11392
2059-04-01,64.37128
2059-05-01,171.21886
2059-06-01,170.57945
2059-07-01,126.5172
2059-08-01,104.053185
2059-09-01,202.15353
2059-10-01,46.162815
2059-11-01,55.27703
2059-12-01,81.05489
2060-01-01,131.08499
2060-02-01,82.35927
2060-03-01,137.47607
2060-04-01,51.29639
2060-05-01,66.603065
2060-06-01,59.677963
2060-07-01,179.99326
2060-08-01,154.16797
2060-09-01,53.025208
2060-10-01,115.17491
2060-11-01,86.60945
2060-12-01,88.2458
2061-01-01,129.99165
2061-02-01,290.7025
2061-03-01,71.006096
2061-04-01,134.1232
2061-05-01,115.55445
2061-06-01,86.9599
2061-07-01,50.749947
2061-08-01,100.84855
2061-09-01,53.36154
2061-10-01,55.722397
2061-11-01,79.737656
2061-12-01,45.491325
2062-01-01,107.404686
2062-02-01,153.45609
2062-03-01,68.30059
2062-04-01,101.91057
2062-05-01,63.702606
2062-06-01,141.72047
2062-07-01,161.80582
2062-08-01,148.84169
2062-09-01,92.556854
2062-10-01,36.893738
2062-11-01,127.4305
2062-12-01,74.22182
2063-01-01,145.41835
2063-02-01,191.01288
2063-03-01,84.509445
2063-04-01,114.24641
2063-05-01,106.86528
2063-06-01,89.16884
2063-07-01,120.59267
2063-08-01,165.26428
2063-09-01,19.158054
2063-10-01,102.40671
2063-11-01,99.76757
2063-12-01,201.68657
2064-01-01,113.52586
2064-02-01,40.78553
2064-03-01,122.14248
2064-04-01,136.6958
2064-05-01,131.18109
2064-06-01,68.706894
2064-07-01,88.13202
2064-08-01,60.36584
2064-09-01,170.20096
2064-10-01,107.20816
2064-11-01,82.94896
2064-12-01,37.247704
2065-01-01,44.574272
2065-02-01,110.81237
2065-03-01,99.23028
2065-04-01,223.11346
2065-05-01,102.831924
2065-06-01,81.6464
2065-07-01,148.27765
2065-08-01,72.24303
2065-09-01,125.36635
2065-10-01,162.4866
2065-11-01,84.28616
2065-12-01,87.05064
2066-01-01,54.890957
2066-02-01,12.134453
2066-03-01,91.94542
2066-04-01,144.07407
2066-05-01,130.38016
2066-06-01,98.021
2066-07-01,40.90806
2066-08-01,147.12029
2066-09-01,49.708965
2066-10-01,96.93434
2066-11-01,77.411316
2066-12-01,50.039093
2067-01-01,134.93541
2067-02-01,96.163086
2067-03-01,35.586002
2067-04-01,111.46327
2067-05-01,97.01126
2067-06-01,218.4558
2067-07-01,38.210133
2067-08-01,102.94612
2067-09-01,11.1453495
2067-10-01,82.02847
2067-11-01,70.586845
2067-12-01,131.8167
2068-01-01,168.29701
2068-02-01,54.991035
2068-03-01,154.8784
2068-04-01,115.044174
2068-05-01,142.6211
2068-06-01,94.519745
2068-07-01,323.16647
2068-08-01,132.22641
2068-09-01,21.953693
2068-10-01,70.41159
2068-11-01,88.514786
2068-12-01,122.845726
2069-01-01,74.44691
2069-02-01,77.86609
2069-03-01,98.19712
2069-04-01,143.00412
2069-05-01,65.3879
2069-06-01,33.473633
2069-07-01,105.231224
2069-08-01,188.31822
2069-09-01,146.62564
2069-10-01,137.48729
2069-11-01,38.51272
2069-12-01,92.49124
2070-01-01,81.61247
2070-02-01,45.44063
2070-03-01,59.68278
2070-04-01,55.67756
2070-05-01,79.08188
2070-06-01,81.381874
2070-07-01,66.67858
2070-08-01,35.03935
2070-09-01,11.203432
2070-10-01,82.99938
2070-11-01,67.18783
2070-12-01,170.88501
2071-01-01,62.729816
2071-02-01,113.86452
2071-03-01,136.73851
2071-04-01,77.79734
2071-05-01,74.64755
2071-06-01,110.46919
2071-07-01,64.51973
2071-08-01,63.99006
2071-09-01,9.646112
2071-10-01,34.526714
2071-11-01,40.39958
2071-12-01,158.5591
2072-01-01,140.81323
2072-02-01,229.6554
2072-03-01,74.32889
2072-04-01,137.18597
2072-05-01,65.74005
2072-06-01,161.71394
2072-07-01,51.64389
2072-08-01,74.53158
2072-09-01,22.571815
2072-10-01,63.868244
2072-11-01,80.19493
2072-12-01,92.90224
2073-01-01,54.316547
2073-02-01,60.042393
2073-03-01,115.01801
2073-04-01,132.15921
2073-05-01,135.8977
2073-06-01,44.33576
2073-07-01,74.9617
2073-08-01,85.434204
2073-09-01,48.25907
2073-10-01,155.15561
2073-11-01,91.70242
2073-12-01,124.90735
2074-01-01,149.70734
2074-02-01,8.312451
2074-03-01,147.4617
2074-04-01,140.87378
2074-05-01,130.6174
2074-06-01,244.28467
2074-07-01,295.9361
2074-08-01,144.63336
2074-09-01,79.912384
2074-10-01,44.467903
2074-11-01,112.72266
2074-12-01,183.27686
2075-01-01,197.61633
2075-02-01,17.537415
2075-03-01,316.93124
2075-04-01,193.58572
2075-05-01,131.20927
2075-06-01,158.48195
2075-07-01,146.8342
2075-08-01,52.72892
2075-09-01,59.22618
2075-10-01,70.97554
2075-11-01,66.24652
2075-12-01,51.16387
2076-01-01,242.18724
2076-02-01,67.96434
2076-03-01,113.30642
2076-04-01,65.32176
2076-05-01,138.08203
2076-06-01,198.80211
2076-07-01,89.9684
2076-08-01,147.9395
2076-09-01,30.575478
2076-10-01,155.46677
2076-11-01,120.49402
2076-12-01,135.32318
2077-01-01,64.786674
2077-02-01,207.4415
2077-03-01,99.93141
2077-04-01,115.83086
2077-05-01,99.76416
2077-06-01,122.04979
2077-07-01,124.444916
2077-08-01,250.80705
2077-09-01,14.212685
2077-10-01,52.69539
2077-11-01,29.966137
2077-12-01,24.933119
2078-01-01,54.676697
2078-02-01,43.669308
2078-03-01,57.122093
2078-04-01,75.37956
2078-05-01,105.24607
2078-06-01,110.253586
2078-07-01,141.88727
2078-08-01,85.15314
2078-09-01,171.14484
2078-10-01,72.231705
2078-11-01,171.63646
2078-12-01,165.98972
2079-01-01,30.74546
2079-02-01,136.03517
2079-03-01,81.12167
2079-04-01,132.92987
2079-05-01,81.28224
2079-06-01,169.93805
2079-07-01,306.1008
2079-08-01,126.65733
2079-09-01,140.34811
2079-10-01,117.23443
2079-11-01,259.59607
2079-12-01,85.1639
2080-01-01,7.4262857
2080-02-01,187.38904
2080-03-01,79.04733
2080-04-01,99.38487
2080-05-01,128.52307
2080-06-01,71.451706
2080-07-01,177.34093
2080-08-01,97.42285
2080-09-01,85.702774
2080-10-01,62.837807
2080-11-01,160.06754
2080-12-01,89.225235
2081-01-01,130.23213
2081-02-01,126.48308
2081-03-01,170.06328
2081-04-01,100.080475
2081-05-01,196.6944
2081-06-01,48.64929
2081-07-01,151.97931
2081-08-01,190.96036
2081-09-01,130.11801
2081-10-01,71.0782
2081-11-01,131.31177
2081-12-01,35.608486
2082-01-01,27.235748
2082-02-01,145.71597
2082-03-01,73.51474
2082-04-01,72.30266
2082-05-01,144.93356
2082-06-01,111.48697
2082-07-01,65.63338
2082-08-01,157.83325
2082-09-01,145.35495
2082-10-01,83.900856
2082-11-01,91.79202
2082-12-01,99.110825
2083-01-01,99.60753
2083-02-01,31.461666
2083-03-01,110.44659
2083-04-01,88.61461
2083-05-01,89.10949
2083-06-01,31.595953
2083-07-01,82.8509
2083-08-01,111.07636
2083-09-01,109.72917
2083-10-01,44.04402
2083-11-01,94.680786
2083-12-01,146.87277
2084-01-01,209.28589
2084-02-01,26.721539
2084-03-01,64.52171
2084-04-01,74.580894
2084-05-01,115.5294
2084-06-01,47.540924
2084-07-01,132.47296
2084-08-01,221.24002
2084-09-01,53.030586
2084-10-01,30.025505
2084-11-01,79.871
2084-12-01,46.607582
2085-01-01,30.350695
2085-02-01,30.935549
2085-03-01,226.33829
2085-04-01,153.6453
2085-05-01,83.65853
2085-06-01,136.93576
2085-07-01,250.17036
2085-08-01,178.29227
2085-09-01,9.393304
2085-10-01,83.1308
2085-11-01,62.549026
2085-12-01,71.45652
2086-01-01,27.948545
2086-02-01,44.14125
2086-03-01,106.156296
2086-04-01,176.42043
2086-05-01,179.11737
2086-06-01,31.592632
2086-07-01,191.99669
2086-08-01,31.05013
2086-09-01,60.331703
2086-10-01,82.38086
2086-11-01,114.03201
2086-12-01,23.227074
2087-01-01,180.72589
2087-02-01,157.77504
2087-03-01,35.145004
2087-04-01,81.63654
2087-05-01,104.9268
2087-06-01,172.45996
2087-07-01,109.67274
2087-08-01,125.447845
2087-09-01,119.4859
2087-10-01,69.32228
2087-11-01,31.63653
2087-12-01,158.86661
2088-01-01,65.033585
2088-02-01,172.58609
2088-03-01,154.64862
2088-04-01,193.51726
2088-05-01,104.376884
2088-06-01,181.2511
2088-07-01,126.785286
2088-08-01,103.13575
2088-09-01,43.91869
2088-10-01,135.46077
2088-11-01,88.80615
2088-12-01,78.961494
2089-01-01,94.76425
2089-02-01,36.936028
2089-03-01,89.17043
2089-04-01,71.33986
2089-05-01,140.61378
2089-06-01,50.6322
2089-07-01,38.219692
2089-08-01,60.636913
2089-09-01,111.9107
2089-10-01,132.06279
2089-11-01,160.4577
2089-12-01,57.327724
2090-01-01,24.119957
2090-02-01,89.43834
2090-03-01,122.52622
2090-04-01,96.37801
2090-05-01,86.60326
2090-06-01,116.05262
2090-07-01,127.85359
2090-08-01,63.892067
2090-09-01,53.09723
2090-10-01,29.631031
2090-11-01,69.55981
2090-12-01,54.34472
2091-01-01,33.625336
2091-02-01,244.78633
2091-03-01,29.346478
2091-04-01,114.56595
2091-05-01,150.6842
2091-06-01,189.8311
2091-07-01,117.28816
2091-08-01,23.690718
2091-09-01,28.076942
2091-10-01,115.4659
2091-11-01,127.70619
2091-12-01,118.29434
2092-01-01,111.28686
2092-02-01,41.001408
2092-03-01,109.70877
2092-04-01,258.64203
2092-05-01,185.36661
2092-06-01,77.34843
2092-07-01,176.09636
2092-08-01,180.17441
2092-09-01,131.16888
2092-10-01,77.79039
2092-11-01,32.96981
2092-12-01,155.54721
2093-01-01,102.85789
2093-02-01,74.0368
2093-03-01,135.5534
2093-04-01,190.67578
2093-05-01,139.86336
2093-06-01,111.57594
2093-07-01,59.927124
2093-08-01,169.36807
2093-09-01,106.002884
2093-10-01,73.318405
2093-11-01,26.464626
2093-12-01,72.643036
2094-01-01,61.33059
2094-02-01,89.93762
2094-03-01,117.554016
2094-04-01,98.02271
2094-05-01,121.21427
2094-06-01,165.69907
2094-07-01,169.85077
2094-08-01,91.14807
2094-09-01,107.217316
2094-10-01,12.544526
2094-11-01,84.24169
2094-12-01,42.224022
2095-01-01,79.106415
2095-02-01,110.812775
2095-03-01,85.563416
2095-04-01,112.29815
2095-05-01,230.99648
2095-06-01,251.39597
2095-07-01,58.792126
2095-08-01,87.40541
2095-09-01,131.90106
2095-10-01,40.30949
2095-11-01,61.02118
2095-12-01,52.05955
2096-01-01,371.3107
2096-02-01,87.610306
2096-03-01,195.4107
2096-04-01,97.306625
2096-05-01,94.39258
2096-06-01,97.87627
2096-07-01,107.97194
2096-08-01,26.3658
2096-09-01,47.92942
2096-10-01,35.247646
2096-11-01,68.52063
2096-12-01,94.4507
2097-01-01,34.62026
2097-02-01,63.059273
2097-03-01,35.573574
2097-04-01,116.411415
2097-05-01,176.06961
2097-06-01,59.545685
2097-07-01,164.62886
2097-08-01,100.898026
2097-09-01,50.840233
2097-10-01,110.54261
2097-11-01,95.75551
2097-12-01,39.151638
2098-01-01,44.743614
2098-02-01,107.49678
2098-03-01,73.28735
2098-04-01,129.97163
2098-05-01,91.59982
2098-06-01,51.657005
2098-07-01,81.966156
2098-08-01,259.44662
2098-09-01,108.45946
2098-10-01,64.48511
2098-11-01,28.708725
2098-12-01,79.471664
2099-01-01,15.839691
2099-02-01,7.09315
2099-03-01,83.767105
2099-04-01,136.66739
2099-05-01,142.43677
2099-06-01,124.4611
2099-07-01,270.01978
2099-08-01,135.92981
2099-09-01,66.532814
2099-10-01,39.63281
2099-11-01,77.95131
2099-12-01,45.015766
2100-01-01,45.31251
2100-02-01,249.93523
2100-03-01,137.49718
2100-04-01,163.97897
2100-05-01,95.582756
2100-06-01,119.77654
2100-07-01,95.62781
2100-08-01,37.37752
2100-09-01,110.356964
2100-10-01,117.65304
2100-11-01,104.00614
2100-12-01,277.6529
