time,05_pet_mm_month
1850-01-01,25.700017935636417
1850-02-01,31.669856763886653
1850-03-01,71.04841644950496
1850-04-01,99.0912094695984
1850-05-01,159.5823157985122
1850-06-01,171.38790742359942
1850-07-01,164.95190443701253
1850-08-01,145.1358690826068
1850-09-01,117.29816364412864
1850-10-01,59.19323321708486
1850-11-01,35.734228609501336
1850-12-01,23.90388027304227
1851-01-01,21.605369133987136
1851-02-01,41.48309275207076
1851-03-01,73.82289409592022
1851-04-01,116.39195268729686
1851-05-01,150.64027830365214
1851-06-01,175.22225670290177
1851-07-01,164.79207538228385
1851-08-01,155.61959298400149
1851-09-01,105.86717130652508
1851-10-01,71.28391478722037
1851-11-01,36.59620419876357
1851-12-01,21.46418823634485
1852-01-01,14.105278585422859
1852-02-01,33.490330441440406
1852-03-01,59.7769922161285
1852-04-01,116.45876710968322
1852-05-01,142.27121704129834
1852-06-01,164.65810150005493
1852-07-01,159.6701547252996
1852-08-01,147.9995035982944
1852-09-01,109.87348136580495
1852-10-01,62.59342625159884
1852-11-01,33.851455717512
1852-12-01,16.9019881207774
1853-01-01,11.94852027572923
1853-02-01,26.71688108634669
1853-03-01,58.36283504341613
1853-04-01,105.02933600678024
1853-05-01,160.28415371309777
1853-06-01,178.74081770486734
1853-07-01,158.48248629437754
1853-08-01,148.98029520811565
1853-09-01,104.41169130522765
1853-10-01,61.38473655874631
1853-11-01,33.042887527626576
1853-12-01,20.574012188504245
1854-01-01,17.12701418180268
1854-02-01,28.620113583511024
1854-03-01,55.755210813027034
1854-04-01,93.87027157280404
1854-05-01,154.00156279293012
1854-06-01,169.76953181912853
1854-07-01,173.8604720809513
1854-08-01,146.4062151552488
1854-09-01,119.68507149760438
1854-10-01,76.13717126933253
1854-11-01,33.62983126958148
1854-12-01,18.26686116614204
1855-01-01,24.515365034312683
1855-02-01,40.313206271678496
1855-03-01,65.85317888501075
1855-04-01,100.88401569414518
1855-05-01,147.74981416869602
1855-06-01,172.51459918218194
1855-07-01,168.0442296335275
1855-08-01,148.67568761646785
1855-09-01,119.42394586245423
1855-10-01,68.59630677018536
1855-11-01,35.738638169236815
1855-12-01,21.97499552408555
1856-01-01,25.464325304595512
1856-02-01,28.490554102821353
1856-03-01,51.67600161837864
1856-04-01,113.98956390984254
1856-05-01,163.62333969676098
1856-06-01,174.14609262612873
1856-07-01,170.29528794839098
1856-08-01,142.36004556664645
1856-09-01,106.67047092298199
1856-10-01,67.68228237361448
1856-11-01,31.054263623919805
1856-12-01,17.023774263998206
1857-01-01,16.523448377968922
1857-02-01,30.14914996943526
1857-03-01,57.48100636258231
1857-04-01,112.1954163477703
1857-05-01,153.66670334842803
1857-06-01,168.12650385601825
1857-07-01,176.16411549311127
1857-08-01,150.09991967608366
1857-09-01,112.81359987442626
1857-10-01,74.4798399825562
1857-11-01,38.262793667015146
1857-12-01,23.499947755021275
1858-01-01,11.205179783058638
1858-02-01,38.72772978519412
1858-03-01,79.4485845921204
1858-04-01,108.09750777415762
1858-05-01,143.98328548577075
1858-06-01,166.5490312656727
1858-07-01,165.3299243430248
1858-08-01,152.36097784102535
1858-09-01,127.0217490621828
1858-10-01,67.05265035075335
1858-11-01,35.96540294243243
1858-12-01,23.81982395854978
1859-01-01,23.364426067834433
1859-02-01,30.97779523193578
1859-03-01,74.14881446854592
1859-04-01,123.51530821694035
1859-05-01,155.82864938834388
1859-06-01,170.81250459481822
1859-07-01,171.10899709907324
1859-08-01,143.35029153398438
1859-09-01,104.00770053939671
1859-10-01,75.0973549952277
1859-11-01,46.22758766708034
1859-12-01,23.225583341090037
1860-01-01,20.32170434767023
1860-02-01,31.565000608655794
1860-03-01,77.05396468563264
1860-04-01,112.63332033258293
1860-05-01,162.80067634466013
1860-06-01,176.11372146516706
1860-07-01,170.70580427584724
1860-08-01,146.67971580466855
1860-09-01,107.72288042303283
1860-10-01,77.45436933759538
1860-11-01,36.20318728961541
1860-12-01,21.217772197806326
1861-01-01,25.882331079447614
1861-02-01,27.169720652942495
1861-03-01,76.25523396662055
1861-04-01,113.32346931168578
1861-05-01,166.25263493841595
1861-06-01,173.44331269969314
1861-07-01,167.2308620596413
1861-08-01,151.86909601509004
1861-09-01,109.50952837314918
1861-10-01,70.4469575101674
1861-11-01,37.57927482624251
1861-12-01,28.35294085881792
1862-01-01,16.452912138611033
1862-02-01,25.321487739879366
1862-03-01,70.18125911519628
1862-04-01,112.53944898024668
1862-05-01,143.8101005568281
1862-06-01,173.59771435501278
1862-07-01,170.85839681188855
1862-08-01,146.47557857011128
1862-09-01,102.3896531378553
1862-10-01,70.22123057136795
1862-11-01,34.15111415293105
1862-12-01,24.88659901364475
1863-01-01,17.73693296837853
1863-02-01,38.90664166397279
1863-03-01,62.070689348153934
1863-04-01,114.86715452473123
1863-05-01,162.16467635053263
1863-06-01,166.93947324418355
1863-07-01,175.22870744368228
1863-08-01,153.376668353239
1863-09-01,111.64331582850104
1863-10-01,73.0507029218007
1863-11-01,37.68345850331694
1863-12-01,20.779160158878618
1864-01-01,24.18145773483939
1864-02-01,21.74213266147965
1864-03-01,55.126520018244406
1864-04-01,119.65604991241105
1864-05-01,150.8554536758942
1864-06-01,179.50855738685036
1864-07-01,162.84848771955902
1864-08-01,154.83285184022452
1864-09-01,119.81166429880994
1864-10-01,65.74815530052366
1864-11-01,29.525749128440854
1864-12-01,23.76493555739352
1865-01-01,23.89643921906699
1865-02-01,40.04733097996094
1865-03-01,67.64079047350923
1865-04-01,105.24386741912306
1865-05-01,140.15522386421497
1865-06-01,166.89021918793458
1865-07-01,164.45559141907134
1865-08-01,142.757109309465
1865-09-01,119.64666324405128
1865-10-01,69.17914764788375
1865-11-01,36.676019331017805
1865-12-01,17.097277644019005
1866-01-01,19.818187876767837
1866-02-01,24.18845402657009
1866-03-01,62.15852602569568
1866-04-01,95.44602748905325
1866-05-01,134.66316764122945
1866-06-01,174.01848015951836
1866-07-01,168.97439574500868
1866-08-01,141.71760492398684
1866-09-01,105.82093933603434
1866-10-01,61.19365205002754
1866-11-01,32.378389761550046
1866-12-01,19.973017439798163
1867-01-01,27.830019468590915
1867-02-01,21.167717697335505
1867-03-01,62.7737673954117
1867-04-01,111.24016696832078
1867-05-01,149.45459009844475
1867-06-01,166.69054333136393
1867-07-01,169.69453616192203
1867-08-01,151.32161514996014
1867-09-01,109.25957034087445
1867-10-01,79.13369835837119
1867-11-01,37.761720206120664
1867-12-01,23.71043285458677
1868-01-01,18.488516551406853
1868-02-01,38.550342609223584
1868-03-01,77.86515183976455
1868-04-01,103.55501578816572
1868-05-01,149.32496851055245
1868-06-01,165.53879581733636
1868-07-01,174.1272388449517
1868-08-01,146.13518620110935
1868-09-01,112.50040236956283
1868-10-01,72.13546400776498
1868-11-01,35.12521075041812
1868-12-01,22.326946411076015
1869-01-01,23.28730636241037
1869-02-01,37.265669671498614
1869-03-01,76.23930415225205
1869-04-01,123.54984276835523
1869-05-01,152.1692926884334
1869-06-01,169.20296227508226
1869-07-01,160.09103740368272
1869-08-01,159.13658911423155
1869-09-01,114.97497893644773
1869-10-01,69.24313317208764
1869-11-01,34.54555994403648
1869-12-01,24.559871458475303
1870-01-01,22.878447590719144
1870-02-01,38.24571640320181
1870-03-01,58.36083270445849
1870-04-01,103.84528335056272
1870-05-01,148.68470972203278
1870-06-01,172.5567346232404
1870-07-01,166.34188424149397
1870-08-01,148.21286779539125
1870-09-01,106.421826799262
1870-10-01,70.06989716579184
1870-11-01,37.13780597200984
1870-12-01,21.063503810742677
1871-01-01,22.80040263193221
1871-02-01,35.989241144520754
1871-03-01,72.39290170250278
1871-04-01,106.98123296849644
1871-05-01,154.55213732933692
1871-06-01,165.2151388302676
1871-07-01,155.8313191297149
1871-08-01,134.0798742318809
1871-09-01,110.90091311808189
1871-10-01,72.28687888658638
1871-11-01,33.25823953381696
1871-12-01,20.588364343566923
1872-01-01,19.110535578793574
1872-02-01,23.87019261586831
1872-03-01,65.17722017777703
1872-04-01,112.87882561142459
1872-05-01,167.4529546509629
1872-06-01,169.07648909638328
1872-07-01,172.57252908882126
1872-08-01,147.06456116077564
1872-09-01,113.84758443255316
1872-10-01,69.17837697567712
1872-11-01,38.19342212127426
1872-12-01,16.815134281121715
1873-01-01,18.404277554630582
1873-02-01,32.363397914989825
1873-03-01,70.34896672746513
1873-04-01,109.79797783473622
1873-05-01,125.963451298676
1873-06-01,160.8135284840805
1873-07-01,173.20744296805555
1873-08-01,151.13417986189103
1873-09-01,105.35378918703084
1873-10-01,68.4165289060424
1873-11-01,32.010154253430905
1873-12-01,22.14783243453122
1874-01-01,20.196676104420924
1874-02-01,21.123239530530128
1874-03-01,68.73815778992373
1874-04-01,101.26717572596286
1874-05-01,148.86203840300647
1874-06-01,163.74417725776894
1874-07-01,169.6164754885536
1874-08-01,149.17906246627692
1874-09-01,105.50727234667357
1874-10-01,67.23757999680575
1874-11-01,36.2734806350943
1874-12-01,24.519136775039986
1875-01-01,19.508157309620568
1875-02-01,28.984448517403187
1875-03-01,80.80457602437845
1875-04-01,126.93536540971155
1875-05-01,161.6642148204956
1875-06-01,166.80959729093175
1875-07-01,169.9349644005322
1875-08-01,143.46807458516062
1875-09-01,108.15658003934261
1875-10-01,68.82744124666176
1875-11-01,34.071568789229595
1875-12-01,15.982017214839058
1876-01-01,17.394195733945512
1876-02-01,35.03158407260536
1876-03-01,71.20702202694733
1876-04-01,109.64881080808314
1876-05-01,150.2275469571474
1876-06-01,171.41582233320756
1876-07-01,168.67415581718038
1876-08-01,154.83709541232338
1876-09-01,112.74312926419105
1876-10-01,77.68591603885145
1876-11-01,37.67243736020935
1876-12-01,13.881785358091477
1877-01-01,22.416953750530503
1877-02-01,11.185422181611807
1877-03-01,59.994264732235095
1877-04-01,105.37403328788156
1877-05-01,150.59758325833272
1877-06-01,170.4301630690006
1877-07-01,166.06323605996647
1877-08-01,155.20410710696277
1877-09-01,112.9697410328615
1877-10-01,74.78552734701603
1877-11-01,42.609072914898434
1877-12-01,21.71575490486604
1878-01-01,19.71160452799213
1878-02-01,28.52766648443128
1878-03-01,42.39736007886356
1878-04-01,106.90143184257659
1878-05-01,153.07715238299858
1878-06-01,170.2103240556233
1878-07-01,172.48104744735056
1878-08-01,144.31529361440107
1878-09-01,121.77894075382986
1878-10-01,67.21271841894988
1878-11-01,35.56424157919591
1878-12-01,16.570081142440667
1879-01-01,20.255881537570172
1879-02-01,27.113063473596597
1879-03-01,69.30527389878478
1879-04-01,113.88160892513703
1879-05-01,152.3950695343035
1879-06-01,163.7309482264101
1879-07-01,177.27574703494787
1879-08-01,147.77848720984107
1879-09-01,99.22295125841005
1879-10-01,72.04009080197756
1879-11-01,36.410213555576945
1879-12-01,24.225478534199002
1880-01-01,26.591923101858928
1880-02-01,31.324466259602676
1880-03-01,48.387521543865134
1880-04-01,102.79703703922598
1880-05-01,154.35021009202816
1880-06-01,174.69872671235413
1880-07-01,163.8310329597212
1880-08-01,149.52545396632442
1880-09-01,98.13595157770764
1880-10-01,69.63752576570208
1880-11-01,37.58778478768041
1880-12-01,20.413063183985898
1881-01-01,20.43489335764274
1881-02-01,34.22230207049759
1881-03-01,81.23169241033496
1881-04-01,98.91971938683798
1881-05-01,154.80693880777028
1881-06-01,166.20721128902062
1881-07-01,163.1464979461752
1881-08-01,147.07669731086656
1881-09-01,106.6351970736052
1881-10-01,65.88725352180562
1881-11-01,34.59409185833513
1881-12-01,25.444066630785912
1882-01-01,21.827620480770744
1882-02-01,37.822291007781
1882-03-01,77.55153927302322
1882-04-01,106.96842993518307
1882-05-01,135.7064065549574
1882-06-01,161.05248822541597
1882-07-01,165.74215086358464
1882-08-01,148.7803007017097
1882-09-01,114.58681945215437
1882-10-01,66.72436911838325
1882-11-01,39.073706267610994
1882-12-01,18.061920459793257
1883-01-01,26.35909647246416
1883-02-01,35.33974985556514
1883-03-01,57.27436746490575
1883-04-01,118.73183189370526
1883-05-01,146.06700812136276
1883-06-01,167.65344109238004
1883-07-01,161.7886357245817
1883-08-01,150.96219306392112
1883-09-01,114.66388963952424
1883-10-01,76.50795581117383
1883-11-01,34.01172703138063
1883-12-01,18.289961902547613
1884-01-01,20.779793869244507
1884-02-01,21.473025110803846
1884-03-01,49.86402037664541
1884-04-01,100.13665477008979
1884-05-01,135.118693771212
1884-06-01,170.60645579473442
1884-07-01,162.14810824765706
1884-08-01,139.9936755217454
1884-09-01,103.68053874458269
1884-10-01,70.81004683869169
1884-11-01,28.18323451609326
1884-12-01,13.726203567378382
1885-01-01,13.783333618081334
1885-02-01,23.65627143092827
1885-03-01,67.1497003650861
1885-04-01,105.10193331172
1885-05-01,143.21503202262966
1885-06-01,161.63694774315374
1885-07-01,164.90249423562312
1885-08-01,149.80635918088424
1885-09-01,110.3925045936574
1885-10-01,66.3426865212407
1885-11-01,32.685227215664625
1885-12-01,18.5258355315251
1886-01-01,20.97684175455161
1886-02-01,32.02389553687532
1886-03-01,48.94243319277806
1886-04-01,104.51575934667858
1886-05-01,146.18150214080538
1886-06-01,167.9288286663726
1886-07-01,174.267355890543
1886-08-01,143.52022647592742
1886-09-01,112.35759584465264
1886-10-01,72.82217702756898
1886-11-01,30.876696778358006
1886-12-01,21.512167940598403
1887-01-01,23.19751777233003
1887-02-01,30.018007336642267
1887-03-01,54.622664587725005
1887-04-01,88.25966699753518
1887-05-01,162.3450518416518
1887-06-01,166.05343330847097
1887-07-01,172.67450429077752
1887-08-01,148.8123996285528
1887-09-01,107.95822353480901
1887-10-01,68.30658980750654
1887-11-01,39.35172936364292
1887-12-01,16.39129968490867
1888-01-01,24.069399709103273
1888-02-01,32.35735665249804
1888-03-01,55.280486676529065
1888-04-01,96.81391919096255
1888-05-01,137.10117277455254
1888-06-01,176.41335192765658
1888-07-01,173.6650476809056
1888-08-01,143.52439666734273
1888-09-01,101.99478223566801
1888-10-01,69.82151591062244
1888-11-01,37.51306661946906
1888-12-01,21.37505128254876
1889-01-01,17.072053242532014
1889-02-01,28.687777341819256
1889-03-01,69.18109934941843
1889-04-01,97.6702452938314
1889-05-01,142.19456891627502
1889-06-01,164.15234200483462
1889-07-01,159.4653399485903
1889-08-01,141.4585744639081
1889-09-01,105.30509242533088
1889-10-01,61.62751924842395
1889-11-01,37.952683714290345
1889-12-01,16.65244919998451
1890-01-01,18.934665226609496
1890-02-01,40.35581164277662
1890-03-01,59.40956915332291
1890-04-01,104.95988500777189
1890-05-01,156.93974263831885
1890-06-01,159.15242698674106
1890-07-01,174.10269309119184
1890-08-01,141.3782774125175
1890-09-01,110.00511444649968
1890-10-01,66.0693111577537
1890-11-01,36.31973960189756
1890-12-01,22.51933899116446
1891-01-01,13.531803595115461
1891-02-01,33.07904916892857
1891-03-01,82.4729427828966
1891-04-01,92.43762290305826
1891-05-01,148.24313018057407
1891-06-01,163.52476315251624
1891-07-01,161.93184754727608
1891-08-01,141.21573178261818
1891-09-01,105.68720928158636
1891-10-01,72.4505964895197
1891-11-01,31.210776448799393
1891-12-01,15.797061889064112
1892-01-01,11.088977823128698
1892-02-01,32.557146877809004
1892-03-01,69.05949585626055
1892-04-01,106.5807314208203
1892-05-01,143.68020636637328
1892-06-01,157.4508099390202
1892-07-01,162.61983914224462
1892-08-01,142.49846060595723
1892-09-01,121.12953984947184
1892-10-01,74.46677312187991
1892-11-01,32.080261539842034
1892-12-01,18.53739278303648
1893-01-01,18.74209094935173
1893-02-01,25.56997146070858
1893-03-01,70.80342130505886
1893-04-01,92.35295289465684
1893-05-01,141.42486779902657
1893-06-01,178.14980988596443
1893-07-01,165.89940374180614
1893-08-01,148.30626475641185
1893-09-01,93.70498146566833
1893-10-01,71.00054055356775
1893-11-01,33.137734972712565
1893-12-01,21.62898769930959
1894-01-01,18.93646363701041
1894-02-01,30.412313517808464
1894-03-01,59.45115606645567
1894-04-01,101.86679951831141
1894-05-01,142.73580826683974
1894-06-01,167.4224955485118
1894-07-01,150.0031679864064
1894-08-01,139.11958765573758
1894-09-01,100.91340036513378
1894-10-01,58.527766013329384
1894-11-01,33.87527091129078
1894-12-01,25.456894363305206
1895-01-01,14.765716060878615
1895-02-01,30.775884192263483
1895-03-01,73.51337027148153
1895-04-01,102.40001819827108
1895-05-01,151.1049089153865
1895-06-01,165.42275238411435
1895-07-01,175.5213871210311
1895-08-01,136.2504147119113
1895-09-01,105.36328533757242
1895-10-01,76.66639738438298
1895-11-01,36.46881430697877
1895-12-01,16.558165756438644
1896-01-01,24.00992491916983
1896-02-01,27.67157495462011
1896-03-01,62.94527271683877
1896-04-01,101.57680299779545
1896-05-01,155.179925742837
1896-06-01,161.60229059692628
1896-07-01,171.67718373095818
1896-08-01,150.50703322341087
1896-09-01,126.47765541116672
1896-10-01,66.65550595716414
1896-11-01,36.80495354228287
1896-12-01,20.91863324604755
1897-01-01,12.684197082003381
1897-02-01,20.166925303377134
1897-03-01,75.56009831274642
1897-04-01,115.39354191426924
1897-05-01,145.06010299898003
1897-06-01,163.27606087408336
1897-07-01,164.16542926828723
1897-08-01,147.20341882169396
1897-09-01,119.86599798714151
1897-10-01,76.78889290524278
1897-11-01,31.365187015378172
1897-12-01,25.89628688454421
1898-01-01,17.373149351502015
1898-02-01,15.118047727503454
1898-03-01,39.771278617409386
1898-04-01,99.82167408388011
1898-05-01,140.65657292558154
1898-06-01,165.78943578105955
1898-07-01,161.83653860771608
1898-08-01,145.69497193892093
1898-09-01,101.37042534644715
1898-10-01,65.00286601234227
1898-11-01,34.82398596134139
1898-12-01,19.31543289855185
1899-01-01,20.806034580509323
1899-02-01,33.58439315021497
1899-03-01,65.36145782182328
1899-04-01,98.26954788030113
1899-05-01,133.74037100351944
1899-06-01,156.43536265700163
1899-07-01,161.97941055499436
1899-08-01,151.16989377049842
1899-09-01,105.72411939046081
1899-10-01,73.78763092996407
1899-11-01,32.89075806787548
1899-12-01,22.98752268700909
1900-01-01,19.976762936436092
1900-02-01,32.673560678278434
1900-03-01,67.29660731806574
1900-04-01,94.75137419463505
1900-05-01,146.53161431585565
1900-06-01,159.54810124814614
1900-07-01,155.1727727586216
1900-08-01,146.73376220710722
1900-09-01,110.52966217531124
1900-10-01,62.650685595821464
1900-11-01,35.74884571043708
1900-12-01,18.153361952032764
1901-01-01,18.60496969246996
1901-02-01,28.746431478770045
1901-03-01,64.65969943248655
1901-04-01,114.04330573998405
1901-05-01,135.01490292014418
1901-06-01,162.89764941937003
1901-07-01,168.96027500931353
1901-08-01,147.9108487703095
1901-09-01,117.52924738716658
1901-10-01,71.19532820408872
1901-11-01,32.0617546983772
1901-12-01,23.94871954765355
1902-01-01,20.621619196156686
1902-02-01,30.68508374377189
1902-03-01,64.94577118340395
1902-04-01,104.25950876753821
1902-05-01,129.49675058837838
1902-06-01,176.94932910343954
1902-07-01,171.68391678185472
1902-08-01,149.81311075090062
1902-09-01,102.04866879024519
1902-10-01,67.29005829341548
1902-11-01,33.76918684299896
1902-12-01,18.358683568125826
1903-01-01,21.214931031080685
1903-02-01,27.779737018415947
1903-03-01,40.449689605814406
1903-04-01,96.71998342937233
1903-05-01,138.35191344860402
1903-06-01,156.91966028216441
1903-07-01,158.81509217197257
1903-08-01,144.11925140409102
1903-09-01,109.43326744383248
1903-10-01,66.57867685075145
1903-11-01,26.668045099724523
1903-12-01,14.427631674860857
1904-01-01,15.703317932216986
1904-02-01,21.278933753918082
1904-03-01,65.02504657420306
1904-04-01,110.78761828081493
1904-05-01,142.11885926488443
1904-06-01,164.46063638087233
1904-07-01,155.49664250229367
1904-08-01,148.9051519269382
1904-09-01,99.66100728719036
1904-10-01,66.27651163598186
1904-11-01,36.72298165272176
1904-12-01,16.9597766570307
1905-01-01,19.196010902888137
1905-02-01,22.384959156408907
1905-03-01,47.11629219415165
1905-04-01,95.47646310710509
1905-05-01,136.21935587661088
1905-06-01,155.9904129471746
1905-07-01,171.5060054413203
1905-08-01,144.94333443091372
1905-09-01,103.1973115335396
1905-10-01,73.23453643985395
1905-11-01,34.47449317241231
1905-12-01,18.742733368849418
1906-01-01,20.659646193771863
1906-02-01,32.55691114984198
1906-03-01,81.98456032847628
1906-04-01,97.22330019353761
1906-05-01,157.07869652931825
1906-06-01,168.67987937951986
1906-07-01,160.64190808318054
1906-08-01,146.77115315130703
1906-09-01,105.6513896503676
1906-10-01,65.14930696820939
1906-11-01,33.464820903477275
1906-12-01,24.02159392160371
1907-01-01,24.196943467955037
1907-02-01,32.30662758151318
1907-03-01,64.21240776877924
1907-04-01,97.0742248182897
1907-05-01,156.98950474458084
1907-06-01,166.81218065586063
1907-07-01,164.907511567373
1907-08-01,144.74547639535695
1907-09-01,101.92036422564051
1907-10-01,60.51788586061393
1907-11-01,33.84019321003208
1907-12-01,29.182192418664787
1908-01-01,16.65101207311198
1908-02-01,34.87119714792279
1908-03-01,65.49673416967106
1908-04-01,120.88763763542971
1908-05-01,139.2737241369604
1908-06-01,157.42704111042835
1908-07-01,163.8008746131871
1908-08-01,144.35350623083212
1908-09-01,102.49386490343346
1908-10-01,75.99097777491326
1908-11-01,38.62941533751237
1908-12-01,21.565642612196843
1909-01-01,16.561430963057276
1909-02-01,23.78502397712893
1909-03-01,55.18792894195626
1909-04-01,92.05662312271227
1909-05-01,138.14590972669828
1909-06-01,149.00264713513664
1909-07-01,161.28327927680655
1909-08-01,147.54774501935978
1909-09-01,108.67232582484843
1909-10-01,68.85674134089773
1909-11-01,34.430945242566224
1909-12-01,15.407163037269708
1910-01-01,14.884147963624347
1910-02-01,29.72156457871298
1910-03-01,60.018826226406134
1910-04-01,102.888007512187
1910-05-01,144.71989881161664
1910-06-01,165.2106558761556
1910-07-01,156.68317896887612
1910-08-01,139.0724192353611
1910-09-01,106.03385698367525
1910-10-01,67.8434115748351
1910-11-01,34.24820965822044
1910-12-01,17.776933579917106
1911-01-01,23.80404884623292
1911-02-01,29.24020677205082
1911-03-01,59.98128266819106
1911-04-01,89.07152745193466
1911-05-01,147.90037274896048
1911-06-01,163.03443444430798
1911-07-01,167.36567040198221
1911-08-01,141.80830123287885
1911-09-01,113.38072038021392
1911-10-01,60.867178057085084
1911-11-01,30.916768985223786
1911-12-01,13.21744297601846
1912-01-01,19.014793916950918
1912-02-01,25.68356816622479
1912-03-01,65.63281866150608
1912-04-01,93.17900314675441
1912-05-01,141.22257907346415
1912-06-01,159.18593571660134
1912-07-01,153.81516235018083
1912-08-01,134.8086261381163
1912-09-01,100.99965371010532
1912-10-01,64.44510172056832
1912-11-01,31.055570485085944
1912-12-01,22.41624198790319
1913-01-01,14.162726394212342
1913-02-01,30.87228730989097
1913-03-01,75.32844023839631
1913-04-01,87.56130662748487
1913-05-01,125.54216779216203
1913-06-01,150.015681518547
1913-07-01,170.34462706945232
1913-08-01,139.67239235714786
1913-09-01,107.21966913912806
1913-10-01,64.9522521261047
1913-11-01,31.769225430980008
1913-12-01,20.507141475791745
1914-01-01,21.07569813596528
1914-02-01,25.78788490608782
1914-03-01,41.875505828915585
1914-04-01,95.86949938507223
1914-05-01,143.42803443033736
1914-06-01,163.82223933792383
1914-07-01,157.8424351017368
1914-08-01,146.2586736582276
1914-09-01,96.41104405240785
1914-10-01,63.51781593946305
1914-11-01,33.47522037313139
1914-12-01,17.551556895196175
1915-01-01,15.797317751763188
1915-02-01,30.28591119233717
1915-03-01,63.36770594164582
1915-04-01,114.2599967175801
1915-05-01,137.99219332928828
1915-06-01,163.71206347428188
1915-07-01,164.1761036674587
1915-08-01,138.97212815553172
1915-09-01,113.35547263487999
1915-10-01,74.44859281375152
1915-11-01,40.944476017901465
1915-12-01,13.437814096324509
1916-01-01,25.52081778401125
1916-02-01,41.73346423312669
1916-03-01,65.59766428860429
1916-04-01,99.40428430349914
1916-05-01,140.60384767451234
1916-06-01,159.56101698943877
1916-07-01,160.95880192465287
1916-08-01,144.84898240177344
1916-09-01,106.59157115030365
1916-10-01,75.52098366778588
1916-11-01,26.410442493723608
1916-12-01,20.975922889942012
1917-01-01,21.070673477721016
1917-02-01,32.80648552296439
1917-03-01,73.19873229313136
1917-04-01,106.3408528049433
1917-05-01,135.64963463311142
1917-06-01,169.43552929331304
1917-07-01,163.20209846469237
1917-08-01,142.28351976746814
1917-09-01,105.38272559031181
1917-10-01,75.67244910898883
1917-11-01,37.20678061123355
1917-12-01,22.16852668103487
1918-01-01,19.591213001050402
1918-02-01,24.831534480017524
1918-03-01,63.180514127796
1918-04-01,92.1742354371929
1918-05-01,132.56040898755523
1918-06-01,159.96088460663225
1918-07-01,162.1589300196834
1918-08-01,145.0833569127098
1918-09-01,103.58577520062778
1918-10-01,60.10734056682487
1918-11-01,33.51637754800605
1918-12-01,22.997795926142377
1919-01-01,19.161767019131503
1919-02-01,15.289846149243926
1919-03-01,57.67742950871038
1919-04-01,106.0134488318221
1919-05-01,145.93563111502513
1919-06-01,168.45192256785904
1919-07-01,163.17787227424728
1919-08-01,137.75127865575834
1919-09-01,101.69033366812019
1919-10-01,70.64059664102216
1919-11-01,37.441513088368914
1919-12-01,26.41574177260887
1920-01-01,22.012193557663462
1920-02-01,36.012375605192396
1920-03-01,57.38003592084568
1920-04-01,104.09098458896108
1920-05-01,132.50226942927827
1920-06-01,160.9449873555284
1920-07-01,166.27588974625775
1920-08-01,151.08588167521893
1920-09-01,108.13008572807054
1920-10-01,74.09315687832523
1920-11-01,35.66116288076791
1920-12-01,22.782257025725716
1921-01-01,10.684106360653638
1921-02-01,22.93685849145452
1921-03-01,63.27866444216475
1921-04-01,100.26642286425616
1921-05-01,148.24993478631637
1921-06-01,176.85103955130015
1921-07-01,166.50502647585853
1921-08-01,147.76905882405853
1921-09-01,113.71371741324819
1921-10-01,70.03705314183651
1921-11-01,35.19763383937979
1921-12-01,18.013258364807665
1922-01-01,25.65625228527397
1922-02-01,24.662412409743744
1922-03-01,60.599583450992654
1922-04-01,112.49498167250567
1922-05-01,124.89854718575307
1922-06-01,154.59368278920047
1922-07-01,157.67034678607658
1922-08-01,150.40906702211248
1922-09-01,109.21290593940519
1922-10-01,66.88244595741908
1922-11-01,31.779212310717824
1922-12-01,18.07695805528193
1923-01-01,13.81221387464175
1923-02-01,21.004580398489544
1923-03-01,65.50828734729696
1923-04-01,114.4697489623862
1923-05-01,150.9131654980872
1923-06-01,162.9010992533366
1923-07-01,161.38490026539324
1923-08-01,148.21391777687262
1923-09-01,106.99282438050088
1923-10-01,69.34297925463257
1923-11-01,31.595269854261453
1923-12-01,21.539472869269066
1924-01-01,18.34544220168466
1924-02-01,25.70544179635241
1924-03-01,67.02928015132788
1924-04-01,102.81884792357265
1924-05-01,150.5875713233683
1924-06-01,169.22883119245645
1924-07-01,165.6167040141192
1924-08-01,145.8420448975786
1924-09-01,107.90505155815721
1924-10-01,70.80743220929685
1924-11-01,33.588999262118385
1924-12-01,15.8998157636072
1925-01-01,16.036807568049902
1925-02-01,32.52911330254513
1925-03-01,65.91306935456792
1925-04-01,109.4040946159372
1925-05-01,147.31188896634586
1925-06-01,161.3611377119637
1925-07-01,163.7723803945402
1925-08-01,153.31678835195004
1925-09-01,117.4220588486799
1925-10-01,76.88976096936608
1925-11-01,36.40908103145838
1925-12-01,20.41771349626146
1926-01-01,17.071533872202615
1926-02-01,25.598206565969384
1926-03-01,60.136162195699015
1926-04-01,109.14285926428872
1926-05-01,133.05053534538408
1926-06-01,159.7783401479422
1926-07-01,171.16994734032704
1926-08-01,149.33652376848204
1926-09-01,107.81849058836578
1926-10-01,67.05088103387709
1926-11-01,35.10211812233169
1926-12-01,15.676593276698274
1927-01-01,16.892012975408953
1927-02-01,28.580632165524985
1927-03-01,74.21730186789398
1927-04-01,113.29954579815777
1927-05-01,139.97241906624527
1927-06-01,163.62171640206248
1927-07-01,168.4094086040089
1927-08-01,147.02115058487342
1927-09-01,105.72804346264046
1927-10-01,64.38397428937992
1927-11-01,27.18091141877938
1927-12-01,21.60044589403871
1928-01-01,15.088538795070615
1928-02-01,22.37585991246016
1928-03-01,59.01559296586233
1928-04-01,109.47110680582723
1928-05-01,146.90464342176082
1928-06-01,168.43722993728235
1928-07-01,164.10950367484497
1928-08-01,142.31235946539311
1928-09-01,105.72497128345191
1928-10-01,60.58272811607134
1928-11-01,33.83000159085564
1928-12-01,25.79004804042289
1929-01-01,26.084561825632594
1929-02-01,33.96994751092122
1929-03-01,50.587249743097765
1929-04-01,118.75592987173788
1929-05-01,146.26730764135291
1929-06-01,164.83279548132654
1929-07-01,163.238261010004
1929-08-01,142.68224207426255
1929-09-01,112.87248799252221
1929-10-01,70.07435802860888
1929-11-01,37.007244750487864
1929-12-01,20.421352763219247
1930-01-01,24.400374771040614
1930-02-01,24.65030499818282
1930-03-01,65.73123055958915
1930-04-01,100.9996118489093
1930-05-01,143.8490099260814
1930-06-01,158.44359755781983
1930-07-01,162.1179513277397
1930-08-01,141.9634885671315
1930-09-01,112.57900050202001
1930-10-01,65.41475428077722
1930-11-01,34.73086590851512
1930-12-01,18.732698282942312
1931-01-01,21.23695308931702
1931-02-01,19.659573201921837
1931-03-01,47.38250584204571
1931-04-01,95.4887932429195
1931-05-01,146.16036133271882
1931-06-01,160.42726623028318
1931-07-01,175.27267044106014
1931-08-01,143.00345947901067
1931-09-01,107.04728119353233
1931-10-01,60.386442129568294
1931-11-01,34.11506598474898
1931-12-01,18.825032113332565
1932-01-01,19.332579382150197
1932-02-01,31.385131109975394
1932-03-01,57.44615945231766
1932-04-01,96.48577796969661
1932-05-01,144.06488742248177
1932-06-01,168.98262867213805
1932-07-01,161.43590853903572
1932-08-01,142.2558946549056
1932-09-01,102.7445899769639
1932-10-01,67.49237476118348
1932-11-01,27.28819940189303
1932-12-01,20.911908100638314
1933-01-01,22.77547812772794
1933-02-01,39.32035773785931
1933-03-01,71.14272168130391
1933-04-01,100.33139425261902
1933-05-01,126.24600398710014
1933-06-01,161.58291760274568
1933-07-01,165.3311336715058
1933-08-01,151.25888255414958
1933-09-01,109.69938545701952
1933-10-01,64.89013430755539
1933-11-01,35.110951582362866
1933-12-01,12.779116384416572
1934-01-01,21.412814549577508
1934-02-01,21.4214432739818
1934-03-01,66.9452597717623
1934-04-01,89.36138836156576
1934-05-01,141.7203014095481
1934-06-01,162.76211496581405
1934-07-01,164.67981493733708
1934-08-01,151.3493910246815
1934-09-01,111.17466018359615
1934-10-01,77.88911762428872
1934-11-01,29.39262790100627
1934-12-01,22.258327527752147
1935-01-01,17.183912938046994
1935-02-01,27.69570305242737
1935-03-01,77.33785054595027
1935-04-01,100.40356948068322
1935-05-01,131.90922769073748
1935-06-01,160.64738776964012
1935-07-01,173.20812254080235
1935-08-01,145.72427831614897
1935-09-01,111.95374876179682
1935-10-01,63.49433086896616
1935-11-01,34.357374318702
1935-12-01,19.983300386943053
1936-01-01,19.13357960172701
1936-02-01,25.119572105264012
1936-03-01,69.10382332019779
1936-04-01,109.31683663836495
1936-05-01,153.7060814191187
1936-06-01,159.03680811604258
1936-07-01,152.67106939321104
1936-08-01,144.80834245054146
1936-09-01,118.87311544010527
1936-10-01,70.27444312519667
1936-11-01,37.399875754556156
1936-12-01,14.216317483135036
1937-01-01,22.6359879733004
1937-02-01,31.892857838110935
1937-03-01,57.93152836378293
1937-04-01,87.11064496647106
1937-05-01,146.3293466087203
1937-06-01,161.7447924514098
1937-07-01,167.79098616979698
1937-08-01,145.35214548596707
1937-09-01,96.57993285267304
1937-10-01,66.69403831860268
1937-11-01,27.65504124031236
1937-12-01,18.082035778440957
1938-01-01,16.097100354108985
1938-02-01,26.70651817920127
1938-03-01,70.02972870577744
1938-04-01,99.31692319065749
1938-05-01,119.89297434556549
1938-06-01,161.74935094990593
1938-07-01,170.23213325630235
1938-08-01,151.1559037057855
1938-09-01,104.97982798059877
1938-10-01,69.87079617824004
1938-11-01,39.937959976376746
1938-12-01,22.3411276980801
1939-01-01,19.53695830994592
1939-02-01,28.19250435466715
1939-03-01,63.230454542769436
1939-04-01,105.51445901691265
1939-05-01,143.81777997976099
1939-06-01,155.15651395512367
1939-07-01,167.9703347613971
1939-08-01,159.3033833149148
1939-09-01,110.37967996849375
1939-10-01,65.15298239598987
1939-11-01,34.83477215936587
1939-12-01,14.07004302827052
1940-01-01,14.543485759208114
1940-02-01,28.946750051605243
1940-03-01,55.971921994688856
1940-04-01,86.83552916751486
1940-05-01,150.0097238239807
1940-06-01,156.25777191822328
1940-07-01,157.24322727411263
1940-08-01,139.51325589129263
1940-09-01,105.29168462156856
1940-10-01,67.66052227525495
1940-11-01,30.67013269899004
1940-12-01,15.2835978901945
1941-01-01,13.683005881581519
1941-02-01,26.787014780607016
1941-03-01,55.236729915600115
1941-04-01,94.14210771717396
1941-05-01,149.51444510844715
1941-06-01,155.5856985820295
1941-07-01,167.40839950742887
1941-08-01,140.8365269383891
1941-09-01,98.95777366317434
1941-10-01,64.36192154698585
1941-11-01,35.1934257702774
1941-12-01,20.849927196846416
1942-01-01,18.157670146429112
1942-02-01,29.198584716463188
1942-03-01,66.24686081648026
1942-04-01,102.35061579755953
1942-05-01,136.70625855349914
1942-06-01,169.15212097932752
1942-07-01,156.11580150656633
1942-08-01,135.16681522013982
1942-09-01,99.3708999430504
1942-10-01,58.97953413212365
1942-11-01,35.473611043411985
1942-12-01,19.762613092812575
1943-01-01,13.086439312464915
1943-02-01,18.778628172593127
1943-03-01,59.30609606262946
1943-04-01,113.73235509979742
1943-05-01,143.24519468828294
1943-06-01,165.68713124635738
1943-07-01,169.26107494661724
1943-08-01,143.19260104458996
1943-09-01,115.42497509656896
1943-10-01,61.23640417160998
1943-11-01,30.88977956674195
1943-12-01,18.80420993214431
1944-01-01,12.370602915939484
1944-02-01,21.756465152204612
1944-03-01,53.31822538340606
1944-04-01,93.66895992688877
1944-05-01,136.16263051329167
1944-06-01,161.90282264633638
1944-07-01,156.46510541081852
1944-08-01,144.65750428506112
1944-09-01,113.63129420194782
1944-10-01,69.50775349349811
1944-11-01,34.58231804154633
1944-12-01,10.715337489649276
1945-01-01,17.407564357939382
1945-02-01,29.185037930563485
1945-03-01,59.84728457753537
1945-04-01,86.88627802211835
1945-05-01,152.18005741868842
1945-06-01,160.78030854984715
1945-07-01,173.2139144641519
1945-08-01,144.38357986457606
1945-09-01,114.08642372239937
1945-10-01,71.9707192205175
1945-11-01,27.709836099928012
1945-12-01,18.64435746566716
1946-01-01,16.158924340454384
1946-02-01,19.753600818423465
1946-03-01,78.61083526022335
1946-04-01,104.3377753625871
1946-05-01,130.151409085077
1946-06-01,155.6471451333774
1946-07-01,160.42218798531474
1946-08-01,140.3767816407259
1946-09-01,103.23130890083095
1946-10-01,57.583564100957624
1946-11-01,34.5860562028834
1946-12-01,11.64088427522329
1947-01-01,13.089294476855937
1947-02-01,25.788985129089635
1947-03-01,55.03822816945919
1947-04-01,83.69784650465355
1947-05-01,148.27073142218472
1947-06-01,160.60504921618468
1947-07-01,168.50815091210026
1947-08-01,147.12364852854842
1947-09-01,104.68435029275346
1947-10-01,75.27775423086757
1947-11-01,29.867810745619096
1947-12-01,13.32304973658809
1948-01-01,9.537387459827624
1948-02-01,25.203620951572336
1948-03-01,58.67296619816131
1948-04-01,100.86119065739126
1948-05-01,142.3942902643271
1948-06-01,167.9970646925993
1948-07-01,161.62412327536032
1948-08-01,139.42954498104714
1948-09-01,100.45619712604804
1948-10-01,63.30895608545067
1948-11-01,34.51069270887942
1948-12-01,16.035637683701584
1949-01-01,18.293665753207733
1949-02-01,30.83799366989313
1949-03-01,62.818730428778096
1949-04-01,102.45376926383285
1949-05-01,143.37782359651933
1949-06-01,164.67605084213324
1949-07-01,159.05365979152
1949-08-01,140.0508280004835
1949-09-01,117.60574897726846
1949-10-01,63.83135962188176
1949-11-01,20.669852522631057
1949-12-01,14.062631363096441
1950-01-01,8.3523874665409
1950-02-01,22.492994325572422
1950-03-01,44.2281472867777
1950-04-01,97.52849897134121
1950-05-01,146.05855777955477
1950-06-01,165.84924710846244
1950-07-01,158.44464893301787
1950-08-01,143.960950068622
1950-09-01,111.08071915739156
1950-10-01,70.86470166565404
1950-11-01,36.125746772253585
1950-12-01,23.95476233460381
1951-01-01,22.020713023516173
1951-02-01,37.295904920109656
1951-03-01,66.7774253284475
1951-04-01,111.78648842927909
1951-05-01,150.63430384802695
1951-06-01,173.18098942632008
1951-07-01,168.24698050809053
1951-08-01,142.9108263759075
1951-09-01,111.56887760568756
1951-10-01,69.50420303827114
1951-11-01,32.59860832957888
1951-12-01,19.844937356073512
1952-01-01,16.17813968599884
1952-02-01,31.923554403450066
1952-03-01,53.42111367744004
1952-04-01,95.73039373456508
1952-05-01,142.63129739198826
1952-06-01,168.95039410990196
1952-07-01,169.35090761841616
1952-08-01,141.81918214192882
1952-09-01,108.2907724950828
1952-10-01,69.80795243789372
1952-11-01,37.321569052619274
1952-12-01,22.12347381308244
1953-01-01,20.43436314734138
1953-02-01,27.190352580964486
1953-03-01,59.12222174311887
1953-04-01,90.95209385926987
1953-05-01,124.39989340670849
1953-06-01,155.90293403259764
1953-07-01,157.23652365780544
1953-08-01,147.79104908690576
1953-09-01,111.98312403780467
1953-10-01,63.78046309937148
1953-11-01,30.946003365882333
1953-12-01,18.684810592555877
1954-01-01,28.1636232706731
1954-02-01,39.8018128534833
1954-03-01,66.97846415833592
1954-04-01,99.41030720374259
1954-05-01,137.53014794696324
1954-06-01,158.78048709391862
1954-07-01,155.89616293770337
1954-08-01,138.33611302813193
1954-09-01,97.19646493042275
1954-10-01,66.69791916726454
1954-11-01,25.786327644601243
1954-12-01,22.442957139008474
1955-01-01,16.64838299859733
1955-02-01,33.76374754061337
1955-03-01,53.17669339654493
1955-04-01,108.90709600406922
1955-05-01,158.22777020981695
1955-06-01,175.51332329943918
1955-07-01,159.53885588739072
1955-08-01,156.11981467925244
1955-09-01,120.19277745006607
1955-10-01,75.31043758137247
1955-11-01,29.41967008821436
1955-12-01,19.638327137147513
1956-01-01,29.104325377334437
1956-02-01,37.24576721424201
1956-03-01,55.317170585153896
1956-04-01,120.82257809006035
1956-05-01,133.37231852262045
1956-06-01,171.46292854842852
1956-07-01,171.13285437296625
1956-08-01,152.7204788923417
1956-09-01,113.25384240244414
1956-10-01,71.96128037811525
1956-11-01,37.887776511660604
1956-12-01,20.582528133785754
1957-01-01,16.89353811707954
1957-02-01,30.926174417495996
1957-03-01,78.96798161148013
1957-04-01,114.30456369704491
1957-05-01,152.27413982328582
1957-06-01,180.04890848506253
1957-07-01,161.79239024382886
1957-08-01,154.2756899346453
1957-09-01,110.84967376403917
1957-10-01,70.45152412164785
1957-11-01,36.89242123302086
1957-12-01,19.182622192056428
1958-01-01,13.874543811677906
1958-02-01,25.444090493889764
1958-03-01,78.57884408402354
1958-04-01,107.01046193604682
1958-05-01,144.68736808689647
1958-06-01,161.15002547535988
1958-07-01,168.96690336401372
1958-08-01,145.5131542317368
1958-09-01,108.28473641695125
1958-10-01,61.79719684411809
1958-11-01,34.932778804377214
1958-12-01,14.507012067850386
1959-01-01,20.984599499652905
1959-02-01,19.208703439533867
1959-03-01,40.17216231023107
1959-04-01,82.5491446806565
1959-05-01,130.2406201542889
1959-06-01,159.10121498400343
1959-07-01,165.3441534634317
1959-08-01,147.37143543308653
1959-09-01,113.25654028504358
1959-10-01,69.63133113390734
1959-11-01,28.527890236776194
1959-12-01,21.627167392742965
1960-01-01,12.359196056136284
1960-02-01,19.66316299583127
1960-03-01,54.677423963320045
1960-04-01,96.29843898934732
1960-05-01,125.9585996571252
1960-06-01,150.14819915057603
1960-07-01,159.4357115018973
1960-08-01,146.9649391060347
1960-09-01,105.77034578126839
1960-10-01,64.30598233604177
1960-11-01,34.34480196513303
1960-12-01,18.21236883662898
1961-01-01,12.735102248831073
1961-02-01,14.685350253496
1961-03-01,56.06057713814842
1961-04-01,95.15267349502837
1961-05-01,129.93565081664053
1961-06-01,157.78713526168417
1961-07-01,164.22525207492438
1961-08-01,139.23263873612964
1961-09-01,96.92058187304565
1961-10-01,70.93432161486777
1961-11-01,35.83926488536108
1961-12-01,20.471791257753548
1962-01-01,16.581327257952164
1962-02-01,21.508689390990746
1962-03-01,60.58390923625655
1962-04-01,86.85414816256478
1962-05-01,134.38361156599092
1962-06-01,153.93486708702972
1962-07-01,164.2043656260577
1962-08-01,141.77838343496904
1962-09-01,104.55555480406927
1962-10-01,67.39446976085111
1962-11-01,33.63594831807103
1962-12-01,20.13667461719842
1963-01-01,20.875152983516553
1963-02-01,32.192158188287245
1963-03-01,61.65377021757715
1963-04-01,101.48419176621019
1963-05-01,120.42679557497223
1963-06-01,162.07721713594077
1963-07-01,156.01473429702662
1963-08-01,139.4287569216849
1963-09-01,103.76901003609615
1963-10-01,66.61777627862664
1963-11-01,29.892537731824774
1963-12-01,20.65351690814645
1964-01-01,21.252411344727975
1964-02-01,19.55977356061238
1964-03-01,59.65791150907968
1964-04-01,107.07002706715294
1964-05-01,134.49798492119731
1964-06-01,169.47473529037327
1964-07-01,162.05288003702486
1964-08-01,133.87860310127962
1964-09-01,101.69285737351129
1964-10-01,59.03876247662297
1964-11-01,34.908787693817835
1964-12-01,17.944765557593257
1965-01-01,20.160241468471636
1965-02-01,26.021907821631487
1965-03-01,49.412096808770265
1965-04-01,93.66042111777905
1965-05-01,123.64856275779414
1965-06-01,163.52014290111578
1965-07-01,165.9562908373081
1965-08-01,138.90839334923862
1965-09-01,105.49138595217771
1965-10-01,69.9864076682519
1965-11-01,36.66620051355734
1965-12-01,18.969645565733785
1966-01-01,15.794455728045195
1966-02-01,29.876913057601417
1966-03-01,64.27760166007509
1966-04-01,93.42799359741606
1966-05-01,132.59485386422583
1966-06-01,165.28960215543074
1966-07-01,167.4413484210086
1966-08-01,141.90604619328016
1966-09-01,102.8256903581214
1966-10-01,65.42321131428298
1966-11-01,39.155393066756176
1966-12-01,17.02230786687996
1967-01-01,16.394993174701785
1967-02-01,15.847636806736752
1967-03-01,52.3995187225437
1967-04-01,82.11389369937969
1967-05-01,134.6407785326375
1967-06-01,147.93728471606832
1967-07-01,148.42428089933455
1967-08-01,140.15210064446399
1967-09-01,105.64045890050767
1967-10-01,70.81024939210126
1967-11-01,37.36352123437972
1967-12-01,19.048200816348913
1968-01-01,20.829696901342306
1968-02-01,31.673832295819007
1968-03-01,55.768162667790634
1968-04-01,92.45446711144677
1968-05-01,138.8788121472644
1968-06-01,154.52555462971685
1968-07-01,154.39634334149798
1968-08-01,140.2914827642961
1968-09-01,98.34861353586096
1968-10-01,60.58749082096929
1968-11-01,30.941249096038863
1968-12-01,16.88564050928286
1969-01-01,19.715857628585674
1969-02-01,23.736289460477693
1969-03-01,46.45200183920399
1969-04-01,100.56734831575805
1969-05-01,141.36569502359245
1969-06-01,159.98836941371852
1969-07-01,160.90128510394237
1969-08-01,140.76652874633237
1969-09-01,104.24981200392776
1969-10-01,63.37537839069845
1969-11-01,26.63468188830908
1969-12-01,15.633452257592824
1970-01-01,20.947063921222316
1970-02-01,25.00142134735226
1970-03-01,59.59531923457669
1970-04-01,97.41028999946154
1970-05-01,134.3063649045125
1970-06-01,150.33566367596995
1970-07-01,160.03003847320923
1970-08-01,138.67418574335946
1970-09-01,110.99796224758036
1970-10-01,61.4312949227143
1970-11-01,39.04048644175246
1970-12-01,22.91708488918194
1971-01-01,22.366635536829534
1971-02-01,22.561763569354945
1971-03-01,58.08556424295155
1971-04-01,108.62060432085867
1971-05-01,151.95406351102977
1971-06-01,167.4074040151078
1971-07-01,158.5739756637373
1971-08-01,142.1335771751458
1971-09-01,101.57082160118838
1971-10-01,60.558675093395976
1971-11-01,32.61745392750489
1971-12-01,13.714842390193175
1972-01-01,16.764786405566284
1972-02-01,21.331282678900315
1972-03-01,69.08169827722709
1972-04-01,105.66745774598
1972-05-01,147.25572802822472
1972-06-01,165.68423460215482
1972-07-01,149.991993485371
1972-08-01,145.62054541662866
1972-09-01,97.44050688020643
1972-10-01,62.20361033067647
1972-11-01,33.21325158892758
1972-12-01,13.423377835572284
1973-01-01,20.163432422631413
1973-02-01,29.54526966140168
1973-03-01,57.53018292360103
1973-04-01,92.00174617941715
1973-05-01,124.79800186199573
1973-06-01,166.6950335996844
1973-07-01,169.30094824534584
1973-08-01,149.9957550631505
1973-09-01,112.02304574366906
1973-10-01,63.94641706022103
1973-11-01,35.12213675323652
1973-12-01,18.792213976280685
1974-01-01,16.40976669823479
1974-02-01,23.829060569112375
1974-03-01,55.29779938832994
1974-04-01,108.67905658638941
1974-05-01,148.84620001772925
1974-06-01,178.77192570808046
1974-07-01,164.18241888315288
1974-08-01,133.39929495129604
1974-09-01,97.51323309256279
1974-10-01,67.62895124704397
1974-11-01,37.2300292829468
1974-12-01,22.70497120655127
1975-01-01,20.704047225543132
1975-02-01,38.341864009712666
1975-03-01,69.8598226002221
1975-04-01,101.49376184592796
1975-05-01,127.8131762628453
1975-06-01,148.28911009615766
1975-07-01,167.93873446368357
1975-08-01,142.09982914095818
1975-09-01,98.31704274979265
1975-10-01,67.19553576416247
1975-11-01,32.91341696990458
1975-12-01,14.35369677267838
1976-01-01,13.31998647141168
1976-02-01,36.459640959956275
1976-03-01,45.750257798749864
1976-04-01,93.5392795103002
1976-05-01,138.8102314578451
1976-06-01,158.3023970473646
1976-07-01,169.72236720466458
1976-08-01,141.1216194257945
1976-09-01,105.69613076199029
1976-10-01,66.53202737029235
1976-11-01,32.348377806350406
1976-12-01,14.724614368325435
1977-01-01,10.652012371548574
1977-02-01,23.45819790271084
1977-03-01,64.34709463735594
1977-04-01,82.80811721387042
1977-05-01,128.87791899699448
1977-06-01,166.5574213431834
1977-07-01,171.48746517264348
1977-08-01,139.55117630237908
1977-09-01,98.68789655011742
1977-10-01,68.12197483268078
1977-11-01,28.91842790189893
1977-12-01,22.6729229044704
1978-01-01,16.10742400655085
1978-02-01,18.797317518719684
1978-03-01,55.639869712134086
1978-04-01,113.92527506868385
1978-05-01,132.5374270474418
1978-06-01,163.24699930417742
1978-07-01,163.34146094385252
1978-08-01,148.38376800248156
1978-09-01,101.44926750399102
1978-10-01,69.61270094948601
1978-11-01,34.93115732086372
1978-12-01,23.49084558105143
1979-01-01,17.87939650763392
1979-02-01,31.2346227708432
1979-03-01,60.55046042339358
1979-04-01,106.12743509940103
1979-05-01,133.61455497370366
1979-06-01,150.29269237192338
1979-07-01,154.52020295017044
1979-08-01,141.4820688239046
1979-09-01,105.13654166288607
1979-10-01,68.59888149548021
1979-11-01,43.57091503892458
1979-12-01,22.008072470067784
1980-01-01,32.50652098197363
1980-02-01,34.183586627014556
1980-03-01,73.0557921666937
1980-04-01,122.89782721110652
1980-05-01,140.84257687280825
1980-06-01,165.24371787363225
1980-07-01,165.07114969302273
1980-08-01,158.0247760458936
1980-09-01,106.18068918323112
1980-10-01,63.92913393977441
1980-11-01,29.09364144752903
1980-12-01,19.322834508821263
1981-01-01,16.842621358644934
1981-02-01,26.528765314041728
1981-03-01,49.08181194795322
1981-04-01,100.67665629406925
1981-05-01,139.11948808334128
1981-06-01,159.09983193826844
1981-07-01,158.84148075065585
1981-08-01,141.9866591554641
1981-09-01,112.31546997518642
1981-10-01,66.42765494373303
1981-11-01,32.59402135880697
1981-12-01,16.40377641636388
1982-01-01,16.273421240434764
1982-02-01,24.134179365094262
1982-03-01,55.41790787558935
1982-04-01,92.02699158005173
1982-05-01,139.29768605615848
1982-06-01,165.6809590111898
1982-07-01,159.49314770502446
1982-08-01,137.34763138534458
1982-09-01,108.06930377176742
1982-10-01,71.35253043424814
1982-11-01,34.527819984838835
1982-12-01,13.966499422795238
1983-01-01,25.053925558940417
1983-02-01,25.245978828474502
1983-03-01,50.98465010203492
1983-04-01,96.71791853760602
1983-05-01,142.6121981771538
1983-06-01,150.5642403374314
1983-07-01,168.8523522806019
1983-08-01,154.22274582402474
1983-09-01,104.90494297657295
1983-10-01,64.8449393394635
1983-11-01,28.393150267421913
1983-12-01,20.13996964661748
1984-01-01,17.129074382905717
1984-02-01,35.57260640720743
1984-03-01,65.44195060850069
1984-04-01,103.66619130430816
1984-05-01,131.25310763929437
1984-06-01,162.8360220214124
1984-07-01,166.4455375511949
1984-08-01,134.5805911780296
1984-09-01,108.19213814664606
1984-10-01,67.22954471976865
1984-11-01,30.13011402007367
1984-12-01,22.777849454092205
1985-01-01,14.369609548206864
1985-02-01,29.21475736667904
1985-03-01,50.484301624779256
1985-04-01,97.45622204692891
1985-05-01,132.270223905793
1985-06-01,157.36594933690077
1985-07-01,163.57583592756626
1985-08-01,144.98562192333864
1985-09-01,100.31949644084374
1985-10-01,58.136303752795975
1985-11-01,31.705195061296113
1985-12-01,23.353874265435824
1986-01-01,23.944440211813102
1986-02-01,25.377248630995282
1986-03-01,54.068914643673125
1986-04-01,103.29177040004579
1986-05-01,135.74146897167364
1986-06-01,169.38900686432098
1986-07-01,171.80267356417542
1986-08-01,143.24833547496127
1986-09-01,102.06319868842506
1986-10-01,63.84136916188598
1986-11-01,35.00539451397934
1986-12-01,13.07616163410249
1987-01-01,13.015292056461439
1987-02-01,31.191523307618354
1987-03-01,57.96326971398519
1987-04-01,98.00640444221659
1987-05-01,145.45531658890965
1987-06-01,164.5210621695357
1987-07-01,165.36585572602894
1987-08-01,144.23795442472777
1987-09-01,111.00254741143046
1987-10-01,75.34217533770757
1987-11-01,30.975419445272426
1987-12-01,20.19090163096772
1988-01-01,12.516317844314615
1988-02-01,24.319403841026546
1988-03-01,65.96449352897761
1988-04-01,98.51121875588902
1988-05-01,124.85491307900554
1988-06-01,154.87934380535978
1988-07-01,164.52929697430264
1988-08-01,138.84739752947758
1988-09-01,101.763622692242
1988-10-01,62.05996948759984
1988-11-01,29.47825113145036
1988-12-01,20.555931708478045
1989-01-01,17.923545509452953
1989-02-01,35.286237739529014
1989-03-01,72.0397744328049
1989-04-01,111.57189751225258
1989-05-01,145.1363933821627
1989-06-01,153.7241057390808
1989-07-01,159.98477545979415
1989-08-01,134.23879745146246
1989-09-01,111.69997048297536
1989-10-01,60.35273829402209
1989-11-01,32.458063228286626
1989-12-01,19.222353194099117
1990-01-01,19.260223072488223
1990-02-01,26.73110350673409
1990-03-01,54.56500724211795
1990-04-01,88.82487024013487
1990-05-01,138.5151729279952
1990-06-01,163.14845246045357
1990-07-01,162.6030950577324
1990-08-01,143.761623834728
1990-09-01,108.15349767581314
1990-10-01,62.66384435396379
1990-11-01,30.33498753812182
1990-12-01,21.363029402868484
1991-01-01,18.424456870221732
1991-02-01,29.8220742957022
1991-03-01,59.1103904449196
1991-04-01,104.93820343399679
1991-05-01,140.8548843363589
1991-06-01,152.5882753593312
1991-07-01,158.43067418278474
1991-08-01,151.93645663435453
1991-09-01,111.07932377248564
1991-10-01,62.5432300346044
1991-11-01,33.945860837533495
1991-12-01,19.516368713848074
1992-01-01,19.07844530953569
1992-02-01,25.887500601608963
1992-03-01,68.38703423229205
1992-04-01,118.20717954042813
1992-05-01,130.55215550810163
1992-06-01,152.36508195778063
1992-07-01,164.1003157646209
1992-08-01,140.4875809628489
1992-09-01,99.97726993737803
1992-10-01,61.91630675652199
1992-11-01,35.39946235027764
1992-12-01,26.153875977702768
1993-01-01,16.536486435677535
1993-02-01,25.325994039305122
1993-03-01,56.1914235147978
1993-04-01,97.75640289190201
1993-05-01,130.5783469031079
1993-06-01,160.2072395263636
1993-07-01,164.04305944467205
1993-08-01,147.21538459000809
1993-09-01,110.44567746834576
1993-10-01,67.58521751137775
1993-11-01,30.909688580113592
1993-12-01,16.981217878468726
1994-01-01,13.249536810440693
1994-02-01,24.64361613431557
1994-03-01,35.25700057141072
1994-04-01,90.58648165735283
1994-05-01,142.15105319714127
1994-06-01,161.0558713602944
1994-07-01,168.38679184738425
1994-08-01,147.8468938857744
1994-09-01,116.38602688475127
1994-10-01,71.65623979387101
1994-11-01,33.7706027792239
1994-12-01,16.367456676550475
1995-01-01,17.30785843865531
1995-02-01,18.848157455985174
1995-03-01,66.52048654432686
1995-04-01,98.99763761532998
1995-05-01,139.76056209838123
1995-06-01,154.04331355540813
1995-07-01,171.64096250760923
1995-08-01,141.6996708392758
1995-09-01,107.36342330664921
1995-10-01,63.866160652384
1995-11-01,34.93717765883931
1995-12-01,22.06490901559177
1996-01-01,18.63142909665141
1996-02-01,26.273443949659384
1996-03-01,66.63826044897847
1996-04-01,81.00060153982545
1996-05-01,125.5234903791139
1996-06-01,158.05571019248487
1996-07-01,159.9885511759631
1996-08-01,144.00172369209815
1996-09-01,109.25015942398207
1996-10-01,67.89256241560975
1996-11-01,35.741257218643234
1996-12-01,18.594451875512966
1997-01-01,12.331679437143402
1997-02-01,23.767150753146876
1997-03-01,67.58825920914354
1997-04-01,119.1668919625157
1997-05-01,137.40524353494297
1997-06-01,153.63882953812907
1997-07-01,161.6809026782873
1997-08-01,142.33817157053608
1997-09-01,111.70499830551441
1997-10-01,67.53672928281681
1997-11-01,35.67464952139449
1997-12-01,19.932113134439987
1998-01-01,13.396610114868947
1998-02-01,22.061874808073007
1998-03-01,51.90163557623572
1998-04-01,103.3517774458532
1998-05-01,137.54839560941042
1998-06-01,165.95679151383732
1998-07-01,159.23313301863914
1998-08-01,141.05200199091286
1998-09-01,115.84662771736683
1998-10-01,72.01500024721102
1998-11-01,39.40995255561978
1998-12-01,22.558433536365058
1999-01-01,25.166744781983454
1999-02-01,17.080264257614132
1999-03-01,53.64536148311029
1999-04-01,96.96689877908405
1999-05-01,142.92658960592925
1999-06-01,157.394586126776
1999-07-01,157.78627357644476
1999-08-01,152.1862493745576
1999-09-01,112.59088680374364
1999-10-01,67.50482948352563
1999-11-01,24.64248848976494
1999-12-01,10.10383463382022
2000-01-01,11.833984151465181
2000-02-01,26.366868473165187
2000-03-01,49.82037463133373
2000-04-01,78.99383899789454
2000-05-01,132.2089429641244
2000-06-01,160.58857916796472
2000-07-01,161.98271219976644
2000-08-01,148.57126340752114
2000-09-01,100.96163042477109
2000-10-01,67.88542491069714
2000-11-01,31.239372832893025
2000-12-01,18.784507924110223
2001-01-01,13.958715371413774
2001-02-01,28.715507059079194
2001-03-01,61.31102800577835
2001-04-01,101.95368129333478
2001-05-01,146.7380442671296
2001-06-01,168.67728043768253
2001-07-01,166.06845117747454
2001-08-01,145.52929736739557
2001-09-01,104.42857413767533
2001-10-01,71.64673031649602
2001-11-01,35.62098440982948
2001-12-01,19.207511171630877
2002-01-01,19.450529775602238
2002-02-01,25.942353279219972
2002-03-01,44.34396381656372
2002-04-01,95.26175868533791
2002-05-01,144.41319287600862
2002-06-01,163.02999718422902
2002-07-01,178.3106166305039
2002-08-01,143.54421587782736
2002-09-01,112.52269158779556
2002-10-01,71.08164439400981
2002-11-01,31.05313988527407
2002-12-01,16.037919742860062
2003-01-01,11.771346924907567
2003-02-01,9.907801014528424
2003-03-01,52.977750586763506
2003-04-01,97.40055666143157
2003-05-01,139.1610947408174
2003-06-01,158.34892408518502
2003-07-01,163.89830207294114
2003-08-01,151.56389904910668
2003-09-01,112.87558434002825
2003-10-01,66.16315805855419
2003-11-01,31.182078983203645
2003-12-01,14.339417222754921
2004-01-01,16.84856077539031
2004-02-01,26.86855631015898
2004-03-01,59.93564451416892
2004-04-01,105.11977817174326
2004-05-01,139.6412769481012
2004-06-01,168.10453952609097
2004-07-01,167.07102968825004
2004-08-01,150.55758296422854
2004-09-01,109.03813975909677
2004-10-01,70.303604455334
2004-11-01,36.28859851684377
2004-12-01,18.00458784906458
2005-01-01,20.85818112114034
2005-02-01,36.140977828073865
2005-03-01,56.402909823678215
2005-04-01,90.98074807992596
2005-05-01,137.18551209727855
2005-06-01,169.67872095585562
2005-07-01,169.04161584344985
2005-08-01,150.54572551332473
2005-09-01,103.24346505456553
2005-10-01,69.36657323666269
2005-11-01,27.105933465070514
2005-12-01,15.710450799744539
2006-01-01,22.27840707381055
2006-02-01,28.79041379248773
2006-03-01,73.37170452187213
2006-04-01,105.60908885055305
2006-05-01,145.9909138184645
2006-06-01,165.77980581931072
2006-07-01,170.02945828039083
2006-08-01,154.118211420772
2006-09-01,105.31501397096444
2006-10-01,67.73894014457046
2006-11-01,36.884548754161976
2006-12-01,19.514426688038782
2007-01-01,10.68730951026638
2007-02-01,33.38347192828425
2007-03-01,71.13462217214102
2007-04-01,93.21003136129538
2007-05-01,144.70978828450131
2007-06-01,161.7265317219752
2007-07-01,173.8743204472973
2007-08-01,146.14846314188927
2007-09-01,117.9786433583357
2007-10-01,66.36439887503052
2007-11-01,30.16653370221121
2007-12-01,18.76827323612571
2008-01-01,16.58855127195841
2008-02-01,34.90992990239545
2008-03-01,69.72956722810291
2008-04-01,101.09818811096014
2008-05-01,146.20344091545826
2008-06-01,161.1840645502838
2008-07-01,163.3325035748315
2008-08-01,147.79940955389807
2008-09-01,105.59227170121007
2008-10-01,65.45613993510575
2008-11-01,24.633908655989156
2008-12-01,24.496008623601803
2009-01-01,26.138277762891327
2009-02-01,28.66404177156803
2009-03-01,66.68550329429776
2009-04-01,87.90877048726996
2009-05-01,145.95585493914064
2009-06-01,159.2850068708158
2009-07-01,171.1310276873353
2009-08-01,142.39608503517877
2009-09-01,112.54189158738775
2009-10-01,72.64421287206208
2009-11-01,32.94541732313228
2009-12-01,14.53601072192237
2010-01-01,15.953670373495086
2010-02-01,22.48918644413679
2010-03-01,68.50585428513857
2010-04-01,93.46125133588872
2010-05-01,136.02608968140908
2010-06-01,160.1853801757358
2010-07-01,164.82661595021563
2010-08-01,146.6463956807001
2010-09-01,109.38751117734563
2010-10-01,57.638527110259595
2010-11-01,34.86251858954386
2010-12-01,17.81284174167407
2011-01-01,19.643637104033044
2011-02-01,31.08751267673631
2011-03-01,56.568905880937784
2011-04-01,96.4873515293931
2011-05-01,142.0248989649429
2011-06-01,158.4127941998164
2011-07-01,177.08744678466823
2011-08-01,143.681124191699
2011-09-01,111.23023580678934
2011-10-01,59.00832837977482
2011-11-01,32.969638220456716
2011-12-01,17.162206740611893
2012-01-01,17.087166701151364
2012-02-01,25.215407534649025
2012-03-01,64.24621542194505
2012-04-01,100.07491270444066
2012-05-01,146.43367401842957
2012-06-01,163.91469079708804
2012-07-01,154.2836463303613
2012-08-01,144.15197159297284
2012-09-01,114.5944662124595
2012-10-01,68.24552058680881
2012-11-01,29.947517627516692
2012-12-01,16.244999082817568
2013-01-01,17.620861332722377
2013-02-01,27.94616373437386
2013-03-01,71.2587574378204
2013-04-01,94.91889813090603
2013-05-01,153.0920794119862
2013-06-01,178.34717658955424
2013-07-01,176.24383505895617
2013-08-01,153.02618351691072
2013-09-01,112.58540586347608
2013-10-01,74.12171357561031
2013-11-01,42.380954012746464
2013-12-01,24.42282801901809
2014-01-01,18.444646009562607
2014-02-01,22.500974234190952
2014-03-01,59.12829152468191
2014-04-01,100.85424151650125
2014-05-01,143.25992905564073
2014-06-01,173.80957890785473
2014-07-01,171.63442510219622
2014-08-01,153.85530569303484
2014-09-01,120.25114837376006
2014-10-01,63.96746730113454
2014-11-01,34.3677186341037
2014-12-01,29.542460793056122
2015-01-01,11.530918669143803
2015-02-01,37.72258602117914
2015-03-01,73.71342026272224
2015-04-01,107.0643851298539
2015-05-01,154.9059837998329
2015-06-01,174.09537743826795
2015-07-01,175.58120211276918
2015-08-01,162.54299140388622
2015-09-01,111.99325990373897
2015-10-01,69.26491722933109
2015-11-01,33.4560998646289
2015-12-01,12.97139224428908
2016-01-01,19.934231776357137
2016-02-01,28.67094380327869
2016-03-01,62.9289236864293
2016-04-01,93.05471251458448
2016-05-01,153.81191246767293
2016-06-01,173.51957592257955
2016-07-01,168.65249906271924
2016-08-01,147.95802181925836
2016-09-01,118.54699601723134
2016-10-01,68.63711739857827
2016-11-01,30.774011512795116
2016-12-01,22.200439772512414
2017-01-01,21.352755708467562
2017-02-01,23.91027480773112
2017-03-01,63.54880032958261
2017-04-01,107.7550267343952
2017-05-01,154.87322245705332
2017-06-01,165.01162924682484
2017-07-01,170.52693269690377
2017-08-01,146.4936215550758
2017-09-01,109.12867053851598
2017-10-01,67.14803728906902
2017-11-01,35.89090407375237
2017-12-01,21.3399971127398
2018-01-01,23.37057629578118
2018-02-01,28.060098420751437
2018-03-01,71.18470582551087
2018-04-01,111.23092448727778
2018-05-01,157.60844190198057
2018-06-01,157.32207373581775
2018-07-01,174.0577474888099
2018-08-01,149.9338153134348
2018-09-01,108.69082079909887
2018-10-01,65.13408634027054
2018-11-01,41.35849000274926
2018-12-01,20.066170319595162
2019-01-01,13.268815432241997
2019-02-01,19.496626156217026
2019-03-01,69.02044387335219
2019-04-01,105.92592373780442
2019-05-01,153.82479471755835
2019-06-01,158.20811751422343
2019-07-01,160.16401494053682
2019-08-01,152.9080900046057
2019-09-01,107.144325360053
2019-10-01,71.83854688080274
2019-11-01,33.27445623559601
2019-12-01,17.15404979269274
2020-01-01,21.09035642649313
2020-02-01,30.476438170287903
2020-03-01,65.87957274146666
2020-04-01,110.93371722091901
2020-05-01,144.04151785517524
2020-06-01,173.22873729486065
2020-07-01,167.8722168087533
2020-08-01,145.35671097490672
2020-09-01,100.2464364866007
2020-10-01,61.074303873278545
2020-11-01,27.65429495682307
2020-12-01,18.68145311333838
2021-01-01,19.2247757574712
2021-02-01,30.46153277063098
2021-03-01,47.379928486060976
2021-04-01,94.83539252484368
2021-05-01,149.47034552419748
2021-06-01,183.4026555896881
2021-07-01,166.8318024338797
2021-08-01,158.13249243922144
2021-09-01,114.85738882482107
2021-10-01,77.92300193133221
2021-11-01,37.33913765412763
2021-12-01,24.88839116528137
2022-01-01,20.917285569157006
2022-02-01,30.604693436820504
2022-03-01,74.95822812869065
2022-04-01,95.36603180906928
2022-05-01,158.04873286540936
2022-06-01,168.60913763436997
2022-07-01,168.59960974588122
2022-08-01,146.18113786088793
2022-09-01,109.04184980540023
2022-10-01,69.91129631578396
2022-11-01,36.59755592027474
2022-12-01,14.077274949201344
2023-01-01,24.562086413909583
2023-02-01,26.97358902039634
2023-03-01,82.1492428776528
2023-04-01,103.56520571570046
2023-05-01,143.38150886266354
2023-06-01,179.7237666396412
2023-07-01,171.32497083488397
2023-08-01,151.9856109526211
2023-09-01,112.01304332133998
2023-10-01,81.82621811169756
2023-11-01,38.93016052948281
2023-12-01,12.849371299736312
2024-01-01,21.089859488255172
2024-02-01,27.242781334325006
2024-03-01,61.20872778338737
2024-04-01,114.48926251651734
2024-05-01,161.47712401023452
2024-06-01,173.6329831837671
2024-07-01,164.95235351963532
2024-08-01,152.54298968006407
2024-09-01,120.46145040026184
2024-10-01,76.35407973813008
2024-11-01,38.55311852689395
2024-12-01,21.33364842474702
2025-01-01,21.603988187975464
2025-02-01,33.02743300157718
2025-03-01,63.97486931297715
2025-04-01,113.70285746394907
2025-05-01,159.05042256618333
2025-06-01,178.30565978372783
2025-07-01,173.61939712217034
2025-08-01,152.1518327420795
2025-09-01,109.18713235926117
2025-10-01,69.22779539715087
2025-11-01,34.142470238934614
2025-12-01,20.67394809951726
2026-01-01,25.5692949480676
2026-02-01,27.919945850880183
2026-03-01,59.40782832164522
2026-04-01,99.69887855048333
2026-05-01,149.556126559378
2026-06-01,173.50361201667852
2026-07-01,171.14894488793126
2026-08-01,146.38409264391106
2026-09-01,119.59210374647571
2026-10-01,73.71957061962092
2026-11-01,31.51921032731976
2026-12-01,16.043912893708622
2027-01-01,15.780305564834359
2027-02-01,29.100589328598048
2027-03-01,76.94363015706743
2027-04-01,115.32696221492598
2027-05-01,135.06431755650596
2027-06-01,170.97257577661975
2027-07-01,175.79881580847066
2027-08-01,152.11369562717667
2027-09-01,117.01703620305223
2027-10-01,74.29934151235378
2027-11-01,34.95788889335835
2027-12-01,18.657529868933484
2028-01-01,19.915714877940506
2028-02-01,34.85680659051469
2028-03-01,81.8730984339836
2028-04-01,104.4675705236543
2028-05-01,157.69629773639028
2028-06-01,165.6175308328617
2028-07-01,168.21049496925875
2028-08-01,147.5797172918032
2028-09-01,107.8643316298186
2028-10-01,63.65120478177007
2028-11-01,33.0263770534498
2028-12-01,19.459667041542566
2029-01-01,15.730645707693876
2029-02-01,34.40669850678917
2029-03-01,62.79666044358793
2029-04-01,120.40535366073398
2029-05-01,148.66504555498216
2029-06-01,168.3686236345838
2029-07-01,183.87347752652838
2029-08-01,150.54176626683463
2029-09-01,120.76975671288783
2029-10-01,73.40734836237036
2029-11-01,36.80678290212528
2029-12-01,19.89775404803578
2030-01-01,17.41449212848495
2030-02-01,32.59441236757028
2030-03-01,54.05235342339857
2030-04-01,100.75436928264244
2030-05-01,136.22425628529862
2030-06-01,171.5283198735072
2030-07-01,167.14521118817706
2030-08-01,155.41850971710775
2030-09-01,110.43050474831846
2030-10-01,59.04409694428629
2030-11-01,34.11623538209796
2030-12-01,21.80799888304476
2031-01-01,16.33113001935748
2031-02-01,24.03422751284622
2031-03-01,68.28752479820456
2031-04-01,105.42081644982171
2031-05-01,136.9345904275326
2031-06-01,175.3258128957763
2031-07-01,162.40886057233183
2031-08-01,156.80045539188853
2031-09-01,113.1865338106806
2031-10-01,72.3786841271978
2031-11-01,38.40849879785447
2031-12-01,19.399412812976266
2032-01-01,14.736158054841939
2032-02-01,24.48133774831464
2032-03-01,62.45302615162431
2032-04-01,124.57207153272711
2032-05-01,149.166920225482
2032-06-01,168.544531655387
2032-07-01,165.950151474026
2032-08-01,148.36327520372606
2032-09-01,109.7314803588034
2032-10-01,77.11293081314055
2032-11-01,42.43034006318913
2032-12-01,20.624864281888165
2033-01-01,20.837610946866995
2033-02-01,20.509481988980742
2033-03-01,48.76919137669077
2033-04-01,93.27736650781647
2033-05-01,144.77371403814746
2033-06-01,172.37606148512594
2033-07-01,168.51393729714098
2033-08-01,145.340268237438
2033-09-01,112.17117810406917
2033-10-01,72.3364447705235
2033-11-01,40.11289236812832
2033-12-01,16.51631634551485
2034-01-01,23.472584136447704
2034-02-01,32.88107251287125
2034-03-01,59.336680273630655
2034-04-01,115.00858910814425
2034-05-01,158.37586502429065
2034-06-01,172.53384919614072
2034-07-01,175.30656373857238
2034-08-01,158.1144481295132
2034-09-01,110.8315781868028
2034-10-01,72.64048418158144
2034-11-01,38.371564862475076
2034-12-01,21.17731478272407
2035-01-01,16.45381624882748
2035-02-01,34.99126276487716
2035-03-01,64.98067798404938
2035-04-01,112.31109771659487
2035-05-01,155.14892136002763
2035-06-01,172.86297768729963
2035-07-01,175.27950407795316
2035-08-01,147.28015207306808
2035-09-01,108.73305126683114
2035-10-01,80.63160050156205
2035-11-01,35.5744372455987
2035-12-01,22.672988713823017
2036-01-01,21.259541544252645
2036-02-01,26.46987476721828
2036-03-01,64.68253438342037
2036-04-01,106.14095931491373
2036-05-01,154.94056843166928
2036-06-01,163.56340200039537
2036-07-01,164.65804086383918
2036-08-01,143.71756035691948
2036-09-01,108.61363308995847
2036-10-01,74.40063025743757
2036-11-01,39.20262009388354
2036-12-01,17.72901499417796
2037-01-01,16.922677125363535
2037-02-01,36.137774119538214
2037-03-01,71.7176045147244
2037-04-01,104.84858023630716
2037-05-01,149.6180169297797
2037-06-01,171.98608691728572
2037-07-01,174.476930555418
2037-08-01,144.7910140812825
2037-09-01,104.8669817883691
2037-10-01,67.36650136297185
2037-11-01,35.98343296546708
2037-12-01,19.504694064219546
2038-01-01,25.53339931363617
2038-02-01,36.55861979565822
2038-03-01,68.20822508770144
2038-04-01,94.72677877862513
2038-05-01,156.6293267543791
2038-06-01,176.13452791245498
2038-07-01,177.74352136224888
2038-08-01,149.4413856369197
2038-09-01,112.40830962016305
2038-10-01,69.46508193460654
2038-11-01,40.024612765891185
2038-12-01,25.7913840267649
2039-01-01,21.092670789384982
2039-02-01,21.170172814420795
2039-03-01,57.93950335013795
2039-04-01,86.65778423687863
2039-05-01,160.21461020737493
2039-06-01,169.89704040371976
2039-07-01,179.68254486169923
2039-08-01,153.48414238651736
2039-09-01,118.28111701881078
2039-10-01,73.8053804049259
2039-11-01,33.94428133173323
2039-12-01,21.32887832007798
2040-01-01,16.227195366119396
2040-02-01,44.29825407166342
2040-03-01,77.03079815266024
2040-04-01,98.02505106914766
2040-05-01,143.5294885816285
2040-06-01,168.29102540593283
2040-07-01,179.4446791035698
2040-08-01,149.20451904614478
2040-09-01,116.40467893234205
2040-10-01,77.05319594840527
2040-11-01,42.64254492956305
2040-12-01,21.523565082806964
2041-01-01,22.09386274291084
2041-02-01,31.441577492762192
2041-03-01,64.95783176169243
2041-04-01,111.6467355865906
2041-05-01,159.42670715286565
2041-06-01,164.12258693504248
2041-07-01,179.45588511832491
2041-08-01,155.32275445811544
2041-09-01,108.5553811295256
2041-10-01,77.58584581661148
2041-11-01,33.79166867960521
2041-12-01,20.425841096776264
2042-01-01,25.192756153505382
2042-02-01,35.45388289966277
2042-03-01,64.52870899323109
2042-04-01,112.43564993880977
2042-05-01,152.7318015876997
2042-06-01,169.3077352727248
2042-07-01,172.33191585684273
2042-08-01,147.64829067358
2042-09-01,115.12606581905332
2042-10-01,80.75262244510331
2042-11-01,33.31785164718856
2042-12-01,22.403462593178183
2043-01-01,13.823157226186504
2043-02-01,27.06196134506673
2043-03-01,67.62322556810379
2043-04-01,121.62162324605603
2043-05-01,145.68631216760832
2043-06-01,169.5613494834358
2043-07-01,170.8220033158305
2043-08-01,158.96839786815676
2043-09-01,116.38880078709374
2043-10-01,73.38996724675677
2043-11-01,42.53506570762683
2043-12-01,22.589342451009593
2044-01-01,16.182127449990492
2044-02-01,27.770967203156275
2044-03-01,55.28073695309931
2044-04-01,113.30130820429284
2044-05-01,150.35262989308436
2044-06-01,167.42749862143035
2044-07-01,162.75256201018763
2044-08-01,152.11772386142152
2044-09-01,112.87451546563834
2044-10-01,62.11813742257182
2044-11-01,35.32831157039231
2044-12-01,17.458688567704176
2045-01-01,13.384172354417199
2045-02-01,19.75566975959096
2045-03-01,57.664486555505796
2045-04-01,119.11173691113841
2045-05-01,154.36197542996223
2045-06-01,166.4069265837654
2045-07-01,168.42976264908398
2045-08-01,152.69836067632946
2045-09-01,114.30467386115225
2045-10-01,69.00873724007226
2045-11-01,29.160748949632374
2045-12-01,12.762743187744642
2046-01-01,23.63537802716543
2046-02-01,25.11232567004984
2046-03-01,61.129937044986995
2046-04-01,94.01880390945418
2046-05-01,158.8512791790816
2046-06-01,182.99200773963605
2046-07-01,173.51421572251695
2046-08-01,152.67157188124625
2046-09-01,131.35000371473583
2046-10-01,76.80657263434867
2046-11-01,35.58973523314349
2046-12-01,19.455803934516922
2047-01-01,20.430152686446508
2047-02-01,35.17510356420294
2047-03-01,59.00977232513861
2047-04-01,102.90975821933789
2047-05-01,151.40776463341356
2047-06-01,168.9895138442394
2047-07-01,181.215743101911
2047-08-01,157.08965897952862
2047-09-01,109.21342987058588
2047-10-01,61.45242109673415
2047-11-01,38.23827412999946
2047-12-01,15.624369057911391
2048-01-01,14.628196696645334
2048-02-01,28.863938820858362
2048-03-01,54.07354364179705
2048-04-01,109.07388974796665
2048-05-01,157.12776556837818
2048-06-01,164.24920819472354
2048-07-01,168.74812923388882
2048-08-01,152.9642168404966
2048-09-01,125.15430805214531
2048-10-01,72.25244402638586
2048-11-01,38.69404296209733
2048-12-01,18.455471175250803
2049-01-01,21.6164120589977
2049-02-01,32.93106701682122
2049-03-01,74.58373486224225
2049-04-01,108.94542146596163
2049-05-01,153.93866146495606
2049-06-01,167.93749917895533
2049-07-01,175.32336666841798
2049-08-01,148.22110959460483
2049-09-01,121.8961328089975
2049-10-01,72.21354673413867
2049-11-01,33.690728137600615
2049-12-01,16.823425579028296
2050-01-01,18.366493196490755
2050-02-01,28.750711614862983
2050-03-01,66.68335253360328
2050-04-01,112.45183048115709
2050-05-01,154.66989733400058
2050-06-01,176.87691163433493
2050-07-01,178.17436517515662
2050-08-01,153.53206621246795
2050-09-01,115.75590842472201
2050-10-01,78.20641686160755
2050-11-01,32.16506845174794
2050-12-01,22.498083101469383
2051-01-01,18.47333193285244
2051-02-01,31.910840398134308
2051-03-01,65.34141376650672
2051-04-01,104.33939145586282
2051-05-01,166.8955172315309
2051-06-01,173.8940058317617
2051-07-01,174.68081719174944
2051-08-01,152.55372201694698
2051-09-01,124.56489110509442
2051-10-01,70.10291623126895
2051-11-01,35.1678449277024
2051-12-01,14.874870974357512
2052-01-01,15.688627524155136
2052-02-01,31.53933702430338
2052-03-01,73.17983896255885
2052-04-01,98.3717503965382
2052-05-01,163.98812658349686
2052-06-01,167.58911861136542
2052-07-01,174.60997280822457
2052-08-01,153.5528993857236
2052-09-01,117.46811736849334
2052-10-01,74.97949682748552
2052-11-01,42.38275663681832
2052-12-01,22.436128225389464
2053-01-01,18.576430820852835
2053-02-01,31.71988229848134
2053-03-01,79.14057343679256
2053-04-01,124.62060043220703
2053-05-01,150.8117484211823
2053-06-01,181.3259510956422
2053-07-01,171.3880456993878
2053-08-01,160.3006811977268
2053-09-01,116.0844874423803
2053-10-01,71.29919807713787
2053-11-01,32.800977353508394
2053-12-01,19.84291164042609
2054-01-01,14.797050149632351
2054-02-01,29.62525455474026
2054-03-01,77.39433632174661
2054-04-01,107.3653576533859
2054-05-01,165.38407247336792
2054-06-01,183.17906810989433
2054-07-01,168.55441816221014
2054-08-01,158.848800442813
2054-09-01,106.78956004132388
2054-10-01,75.46729090402035
2054-11-01,31.737587654975474
2054-12-01,18.88994652050012
2055-01-01,23.887401093082964
2055-02-01,32.94470737413076
2055-03-01,57.806671748413805
2055-04-01,93.16850116070844
2055-05-01,157.35330725736316
2055-06-01,164.53319084420747
2055-07-01,174.29714540963394
2055-08-01,150.9099348164542
2055-09-01,117.42244865841661
2055-10-01,71.48369940566576
2055-11-01,37.21320746699761
2055-12-01,25.915354070014526
2056-01-01,17.314632552756905
2056-02-01,23.084101605801266
2056-03-01,78.72788246991036
2056-04-01,96.11908459523589
2056-05-01,152.47887214368302
2056-06-01,167.0663149681675
2056-07-01,169.59364756786917
2056-08-01,153.06909633032797
2056-09-01,121.77673290318991
2056-10-01,74.44468262092579
2056-11-01,36.10194015011704
2056-12-01,30.3723598965802
2057-01-01,21.74403600501319
2057-02-01,31.134331764383685
2057-03-01,66.52780152895092
2057-04-01,95.32424781059834
2057-05-01,153.95230970960682
2057-06-01,175.34359990676296
2057-07-01,174.86586248482715
2057-08-01,150.68343757895212
2057-09-01,110.94012283044249
2057-10-01,71.09337000067174
2057-11-01,39.81085174640005
2057-12-01,24.60008201701257
2058-01-01,22.015427884104707
2058-02-01,32.34924461352114
2058-03-01,73.30180877272745
2058-04-01,102.63427967972987
2058-05-01,158.35997918303494
2058-06-01,179.02087165833518
2058-07-01,170.15991182541111
2058-08-01,148.49385733414948
2058-09-01,115.81963016620016
2058-10-01,69.97859023363627
2058-11-01,43.190701543491365
2058-12-01,17.77286912404831
2059-01-01,20.78982525331979
2059-02-01,40.70644236748166
2059-03-01,73.56943399624765
2059-04-01,116.78474994320196
2059-05-01,145.20127949863812
2059-06-01,172.3215444633965
2059-07-01,168.14094430141813
2059-08-01,152.69276477998207
2059-09-01,118.4075346855737
2059-10-01,78.89332568552472
2059-11-01,41.739127624236566
2059-12-01,23.237624669307152
2060-01-01,17.485452585240182
2060-02-01,20.867691682654442
2060-03-01,47.55058231014487
2060-04-01,103.48141146609596
2060-05-01,143.37220319967747
2060-06-01,172.0765171066063
2060-07-01,171.14336698545765
2060-08-01,147.49301411268746
2060-09-01,118.8527809962202
2060-10-01,70.72323844310232
2060-11-01,39.382704941046114
2060-12-01,23.232022899313353
2061-01-01,18.936796965059894
2061-02-01,32.45048354846932
2061-03-01,55.4590731149924
2061-04-01,107.19481082113484
2061-05-01,150.10916365813503
2061-06-01,168.3256033498526
2061-07-01,167.97303106082092
2061-08-01,147.7554998864737
2061-09-01,113.69648846402212
2061-10-01,71.08376230202188
2061-11-01,38.51068081468886
2061-12-01,23.705201966938873
2062-01-01,24.469185867946578
2062-02-01,37.63118887131414
2062-03-01,52.82931789040524
2062-04-01,107.6225235573129
2062-05-01,158.5145275723284
2062-06-01,176.2035008163485
2062-07-01,173.66670738637328
2062-08-01,153.74016462587667
2062-09-01,111.69032558477582
2062-10-01,77.82830123856468
2062-11-01,38.6092122343579
2062-12-01,26.429937973217985
2063-01-01,19.73157485621916
2063-02-01,33.608355110523995
2063-03-01,63.01150556136441
2063-04-01,108.63152131667186
2063-05-01,154.8419513038643
2063-06-01,185.6966483014689
2063-07-01,171.7028697419676
2063-08-01,153.60306764604576
2063-09-01,114.39289831070627
2063-10-01,78.56190905137807
2063-11-01,40.71690398933371
2063-12-01,27.942656892628523
2064-01-01,25.979382462084896
2064-02-01,33.11238983757377
2064-03-01,79.31615040476021
2064-04-01,108.51853365723315
2064-05-01,144.45471598025946
2064-06-01,165.69647407241044
2064-07-01,161.25575532727888
2064-08-01,156.0934642518727
2064-09-01,113.53026915417826
2064-10-01,65.36056804860134
2064-11-01,34.93509377476454
2064-12-01,18.049907430067165
2065-01-01,19.482331162059264
2065-02-01,33.51670587447553
2065-03-01,77.9820222807577
2065-04-01,112.68178380629054
2065-05-01,146.9460808230738
2065-06-01,174.4886201867976
2065-07-01,173.66493352875608
2065-08-01,146.29274777538672
2065-09-01,110.70218077637706
2065-10-01,64.3399940341172
2065-11-01,33.26544593662436
2065-12-01,22.601735153771354
2066-01-01,21.267455732647086
2066-02-01,32.94702103101331
2066-03-01,77.88804005958174
2066-04-01,105.32873805829655
2066-05-01,157.0706860617952
2066-06-01,172.4109168580287
2066-07-01,175.41462065885597
2066-08-01,150.2626731608554
2066-09-01,116.52367861358083
2066-10-01,72.33083164249283
2066-11-01,43.4050813518363
2066-12-01,21.24505652938482
2067-01-01,21.6532422856351
2067-02-01,27.96685703199604
2067-03-01,59.90503762726791
2067-04-01,103.20738654084619
2067-05-01,157.06128555160683
2067-06-01,167.76441347710562
2067-07-01,175.61315601258758
2067-08-01,152.97997377177072
2067-09-01,117.93616281887648
2067-10-01,69.33348762008639
2067-11-01,30.538434309905984
2067-12-01,20.845081829895776
2068-01-01,19.833384054015482
2068-02-01,36.30441417665671
2068-03-01,43.52018021640299
2068-04-01,111.75738222565035
2068-05-01,146.29774906251257
2068-06-01,176.95926134908458
2068-07-01,173.6693834939913
2068-08-01,149.7715843060216
2068-09-01,106.53911590746385
2068-10-01,72.43165848608288
2068-11-01,40.05218440168163
2068-12-01,24.55477823155873
2069-01-01,22.430487377642958
2069-02-01,28.65077836945245
2069-03-01,72.80621155107356
2069-04-01,123.08849919264978
2069-05-01,156.26906929751956
2069-06-01,178.15422773650718
2069-07-01,168.13849875040182
2069-08-01,150.95754738693944
2069-09-01,117.6726949443479
2069-10-01,67.65999796338681
2069-11-01,33.991672842156454
2069-12-01,20.687095190595016
2070-01-01,24.841291668548898
2070-02-01,21.522420161972413
2070-03-01,75.71301402712884
2070-04-01,100.6771963670543
2070-05-01,164.0729260305452
2070-06-01,177.72937400104635
2070-07-01,171.4681430071116
2070-08-01,153.95064336280083
2070-09-01,121.99656865552498
2070-10-01,84.02023184680958
2070-11-01,48.08022430217281
2070-12-01,24.115422780731407
2071-01-01,19.432077348131624
2071-02-01,36.001839811071626
2071-03-01,86.35295267731185
2071-04-01,112.31105713996031
2071-05-01,146.3411467617733
2071-06-01,166.2705393282399
2071-07-01,180.68197915303946
2071-08-01,151.1896802037646
2071-09-01,118.84929736045567
2071-10-01,71.64947190547578
2071-11-01,37.9653157382503
2071-12-01,24.044369472224243
2072-01-01,23.13361444431329
2072-02-01,24.6882681919422
2072-03-01,74.86905365455767
2072-04-01,102.84279649024282
2072-05-01,170.8558066983147
2072-06-01,184.1789272869046
2072-07-01,175.70548999834082
2072-08-01,158.35772873040955
2072-09-01,110.439903781895
2072-10-01,68.48922099003306
2072-11-01,35.81470593366613
2072-12-01,18.74455376922047
2073-01-01,20.794375223483524
2073-02-01,35.982180190027414
2073-03-01,72.33044837884243
2073-04-01,91.10495746214828
2073-05-01,151.17826837946177
2073-06-01,177.8568870213986
2073-07-01,170.9611609095196
2073-08-01,156.5451061794932
2073-09-01,114.69058228100221
2073-10-01,69.04041879836733
2073-11-01,31.600603460361153
2073-12-01,20.391525820974532
2074-01-01,20.86978297523719
2074-02-01,29.413779122875383
2074-03-01,71.00721737164925
2074-04-01,102.16485046522088
2074-05-01,144.30718350990003
2074-06-01,164.13185235419613
2074-07-01,164.7381497295566
2074-08-01,144.8153903788109
2074-09-01,112.81502738929943
2074-10-01,73.60564049637564
2074-11-01,38.394919838323766
2074-12-01,28.20813519989672
2075-01-01,23.737599158683405
2075-02-01,32.129719546743694
2075-03-01,61.94839040152115
2075-04-01,111.35058421520405
2075-05-01,151.9161427485773
2075-06-01,179.15592765967793
2075-07-01,169.04232538862294
2075-08-01,153.65228131249955
2075-09-01,117.41544985259411
2075-10-01,71.66878959527241
2075-11-01,41.2611762456631
2075-12-01,18.16632803197581
2076-01-01,25.124496990013277
2076-02-01,41.19925937155641
2076-03-01,74.00936007323067
2076-04-01,111.38204045470842
2076-05-01,148.70725266036752
2076-06-01,165.61859278243628
2076-07-01,173.35811162537794
2076-08-01,152.7571557522275
2076-09-01,114.82312330178188
2076-10-01,77.43486529351709
2076-11-01,36.50127149117101
2076-12-01,24.119237178745916
2077-01-01,25.28164549781797
2077-02-01,32.72946598948181
2077-03-01,84.70022786464324
2077-04-01,99.7793691176144
2077-05-01,154.694588109105
2077-06-01,181.95857706741089
2077-07-01,166.27909981975304
2077-08-01,147.92855047234906
2077-09-01,115.94963139550296
2077-10-01,70.29000205054385
2077-11-01,37.828035742695945
2077-12-01,22.93242670713129
2078-01-01,20.20553052968709
2078-02-01,29.82775164885402
2078-03-01,56.11458895076029
2078-04-01,115.69773231686733
2078-05-01,154.3469603257555
2078-06-01,180.49257415585254
2078-07-01,171.47568398185845
2078-08-01,157.56181382241527
2078-09-01,111.15793176877807
2078-10-01,71.23449891975909
2078-11-01,41.803819184933204
2078-12-01,22.877226654174926
2079-01-01,22.803355737721283
2079-02-01,33.63242456840468
2079-03-01,71.13473058687029
2079-04-01,93.73361045617644
2079-05-01,158.24507738397472
2079-06-01,171.96561331189164
2079-07-01,168.83642504393808
2079-08-01,148.01470237904084
2079-09-01,110.98242535728447
2079-10-01,74.25365736780272
2079-11-01,41.54217087778613
2079-12-01,19.54448134540953
2080-01-01,14.483649555751152
2080-02-01,37.893275800199724
2080-03-01,59.58676297397627
2080-04-01,124.43086556852364
2080-05-01,156.83817488436213
2080-06-01,174.82441360411633
2080-07-01,180.62618479428477
2080-08-01,160.01679934566167
2080-09-01,119.30625057643832
2080-10-01,79.89069656818744
2080-11-01,39.25662561966298
2080-12-01,20.31375577871187
2081-01-01,20.191822596276797
2081-02-01,20.364533011610547
2081-03-01,65.17664850031753
2081-04-01,103.21113911000676
2081-05-01,153.26703839746958
2081-06-01,180.0253713271763
2081-07-01,167.58016347412206
2081-08-01,155.94963447758906
2081-09-01,108.98576800380181
2081-10-01,75.0163405898975
2081-11-01,37.0587905735281
2081-12-01,19.871839729365988
2082-01-01,25.331425447648297
2082-02-01,30.90454879776461
2082-03-01,65.82108011565907
2082-04-01,118.03821877775115
2082-05-01,156.76181000735983
2082-06-01,176.18272453249847
2082-07-01,169.43227265036987
2082-08-01,152.4592059942939
2082-09-01,107.64123988965883
2082-10-01,73.66632960963922
2082-11-01,31.79940641975239
2082-12-01,22.352124140404076
2083-01-01,11.639212235288978
2083-02-01,24.348034548683174
2083-03-01,66.38363533790772
2083-04-01,117.99977564216877
2083-05-01,147.2998153868692
2083-06-01,173.33198263254124
2083-07-01,182.50951801003117
2083-08-01,161.53743377904024
2083-09-01,113.87052351783493
2083-10-01,82.35581477856765
2083-11-01,38.86723161328498
2083-12-01,24.399271219936274
2084-01-01,28.049133327736765
2084-02-01,31.695385812286577
2084-03-01,83.65971968356813
2084-04-01,123.07981728747305
2084-05-01,161.97197994916263
2084-06-01,167.88052030099917
2084-07-01,175.88783708881215
2084-08-01,146.6153109670102
2084-09-01,111.17104746486608
2084-10-01,81.59539329201831
2084-11-01,35.74920369895557
2084-12-01,19.97457483638886
2085-01-01,17.395018340109328
2085-02-01,33.787096162268796
2085-03-01,83.08436968315965
2085-04-01,93.60607929540001
2085-05-01,158.79026959922518
2085-06-01,187.12449767821568
2085-07-01,172.63450894277236
2085-08-01,147.52030931048304
2085-09-01,124.38979462311077
2085-10-01,82.84118426169081
2085-11-01,37.64542083865459
2085-12-01,15.542839456826265
2086-01-01,9.755900799587515
2086-02-01,24.385956845798695
2086-03-01,67.32728014889562
2086-04-01,100.87900911132064
2086-05-01,161.44490568734216
2086-06-01,187.5548521747382
2086-07-01,168.95133594622416
2086-08-01,165.44525066073828
2086-09-01,120.2463309526849
2086-10-01,82.88708979159405
2086-11-01,39.22926425070661
2086-12-01,20.11305182226232
2087-01-01,24.688306861272352
2087-02-01,37.862804120104954
2087-03-01,61.90631418916821
2087-04-01,108.57732002364948
2087-05-01,156.1762287404413
2087-06-01,172.01605924436308
2087-07-01,172.7794228353864
2087-08-01,149.99772526153936
2087-09-01,114.39345390402796
2087-10-01,73.0331279878981
2087-11-01,32.46607842548663
2087-12-01,16.471571326992763
2088-01-01,21.85932813744874
2088-02-01,37.59717644827881
2088-03-01,76.61260093817951
2088-04-01,105.71067015130289
2088-05-01,158.29659290748617
2088-06-01,177.16962120377985
2088-07-01,167.19333310526955
2088-08-01,152.13729751423023
2088-09-01,112.07452067754733
2088-10-01,82.93962841965028
2088-11-01,36.33143755797343
2088-12-01,20.96445011655626
2089-01-01,25.2617127629617
2089-02-01,32.19135685537835
2089-03-01,67.71741694206949
2089-04-01,107.17076922799097
2089-05-01,156.54399232188987
2089-06-01,176.64231732412253
2089-07-01,177.30063234179
2089-08-01,154.8247909916521
2089-09-01,117.96462243952818
2089-10-01,67.87723185389505
2089-11-01,38.83960558856625
2089-12-01,16.187469138870906
2090-01-01,17.083882974700234
2090-02-01,32.036765318876704
2090-03-01,60.93772774133048
2090-04-01,99.67166428006719
2090-05-01,168.04960063038712
2090-06-01,174.9453511777832
2090-07-01,172.36016888695636
2090-08-01,156.15272166715837
2090-09-01,117.59421382256693
2090-10-01,78.24217081835953
2090-11-01,34.63700411832832
2090-12-01,21.44622436309323
2091-01-01,21.0328629006446
2091-02-01,37.49666482691226
2091-03-01,63.07265292701476
2091-04-01,111.63317372112034
2091-05-01,156.00586912892402
2091-06-01,175.83875926503447
2091-07-01,174.14075277598437
2091-08-01,151.22794220172435
2091-09-01,113.22005078321672
2091-10-01,77.06930004580668
2091-11-01,42.7978509990175
2091-12-01,20.403692494431247
2092-01-01,20.486639062811395
2092-02-01,31.808573124541535
2092-03-01,75.48411398023711
2092-04-01,98.81293855374948
2092-05-01,142.9734411705058
2092-06-01,179.48368658586088
2092-07-01,159.02736598312694
2092-08-01,155.22525467696977
2092-09-01,112.67407215135057
2092-10-01,69.79690770908228
2092-11-01,36.236424079421425
2092-12-01,24.459086272664848
2093-01-01,19.416158331794737
2093-02-01,30.775451339427303
2093-03-01,71.09060669309574
2093-04-01,105.32523833253447
2093-05-01,150.76978726801363
2093-06-01,175.55280156909612
2093-07-01,173.46076416620298
2093-08-01,149.73359050862913
2093-09-01,116.89209475401056
2093-10-01,75.7984368204302
2093-11-01,39.90330824907842
2093-12-01,24.705690600635528
2094-01-01,18.71056183603194
2094-02-01,31.992043442309722
2094-03-01,61.69280917605268
2094-04-01,110.61743032497711
2094-05-01,146.92007280087145
2094-06-01,162.38577417154195
2094-07-01,166.18096860531568
2094-08-01,157.36180754503363
2094-09-01,112.60557164526242
2094-10-01,76.51624890114296
2094-11-01,35.36564955948132
2094-12-01,24.063491788539757
2095-01-01,24.192259615741865
2095-02-01,30.418485445255016
2095-03-01,58.984874895130105
2095-04-01,101.69375595884031
2095-05-01,154.2110785834284
2095-06-01,163.18368637217515
2095-07-01,181.3228743121811
2095-08-01,158.59102686454563
2095-09-01,106.3060797702659
2095-10-01,73.75678530203557
2095-11-01,38.36042944198671
2095-12-01,22.932696672848746
2096-01-01,23.53421770981348
2096-02-01,36.983138032760294
2096-03-01,57.367627979994836
2096-04-01,121.63037872489078
2096-05-01,154.35949287100595
2096-06-01,178.54259005144735
2096-07-01,166.5568234345224
2096-08-01,155.42131258702912
2096-09-01,110.69535945378097
2096-10-01,74.0659695621039
2096-11-01,42.98759895281656
2096-12-01,19.38576515949334
2097-01-01,18.50941933665948
2097-02-01,25.806219264802177
2097-03-01,64.92558826533114
2097-04-01,118.8251694818119
2097-05-01,152.17591651349116
2097-06-01,174.44748503076187
2097-07-01,174.1978498042259
2097-08-01,159.0217025034439
2097-09-01,108.8595622033153
2097-10-01,72.92194876344159
2097-11-01,36.332250142779564
2097-12-01,19.07236276413839
2098-01-01,17.81309438384177
2098-02-01,28.12810013389255
2098-03-01,61.929762916367864
2098-04-01,90.23077658993215
2098-05-01,149.64781767238463
2098-06-01,173.48221758610563
2098-07-01,183.6265918832911
2098-08-01,152.46972912622368
2098-09-01,113.33854193112272
2098-10-01,72.14991711222616
2098-11-01,38.653709574653625
2098-12-01,20.255453539050517
2099-01-01,21.930053147219187
2099-02-01,26.69478959663457
2099-03-01,61.8419209540791
2099-04-01,118.02570104464732
2099-05-01,148.19686329590516
2099-06-01,172.69700125534453
2099-07-01,164.13420012315146
2099-08-01,147.59968547551276
2099-09-01,110.15778701995995
2099-10-01,72.8497665732545
2099-11-01,38.067211501511764
2099-12-01,23.6918579131737
2100-01-01,22.43071096796555
2100-02-01,40.772027107613695
2100-03-01,61.0109543309736
2100-04-01,103.31681462109192
2100-05-01,142.71007686148252
2100-06-01,176.55803877493315
2100-07-01,176.04292322716464
2100-08-01,152.1103031933583
2100-09-01,109.9631742701155
2100-10-01,68.75569000037359
2100-11-01,37.70336945887705
2100-12-01,25.052186947790812
